Tidstämpel,Användarnamn:
2018-01-16 15.14.11,ben68140
2018-01-16 15.14.21,personperson923
2018-01-16 15.14.32,tribalquidd
2018-01-16 15.14.42,StoutMX73
2018-01-16 15.14.51,SatuTorvinen
2018-01-16 15.15.02,GarciaWilly16
2018-01-16 15.15.10,McMin5
2018-01-16 15.15.20,valentinaconci
2018-01-16 15.15.30,GussmanSydney
2018-01-16 15.15.38,neels_24
2018-01-16 15.15.46,samcoventry
2018-01-16 15.23.39,@emetiner
2018-01-16 15.24.07,Dorothy blomfield
2018-01-16 15.24.09,@camilareyesd
2018-01-16 15.24.24,Bournenu
2018-01-16 15.24.27,Rita roberts
2018-01-16 15.24.40,@NNateDDawg
2018-01-16 15.24.49,Sashabkchoi
2018-01-16 15.25.02,Assassin781
2018-01-16 15.25.13,Hiiiiiixxxxxxx
2018-01-16 15.25.14,Fazzihugo
2018-01-16 15.25.31,@MikeHock2016
2018-01-16 15.25.33,@supermc81
2018-01-16 15.26.12,Delores Livingston
2018-01-16 15.26.22,logan_vergala
2018-01-16 15.26.32,Danielle Gilmore
2018-01-16 15.26.53,Mainti1818
2018-01-16 15.27.09,Flame_bone
2018-01-16 15.27.21,Quiffedbitch
2018-01-16 15.27.28,gunv0r
2018-01-16 15.27.37,Dee1357brown
2018-01-16 15.27.38,@J_Crossley1
2018-01-16 15.27.50,Youknowmang
2018-01-16 15.27.52,@FuRCoO
2018-01-16 15.28.07,Sylvia_rether
2018-01-16 15.28.13,@_glija
2018-01-16 15.28.26,@TomasPalaodes
2018-01-16 15.28.36,@Marinebdt
2018-01-16 15.28.49,@oboutrelu1981
2018-01-16 15.29.00,@seokia8989
2018-01-16 15.29.13,@mikejulietg
2018-01-16 15.29.24,@red_sharpie
2018-01-16 15.29.40,hc0265
2018-01-16 15.29.41,@pedromarcer
2018-01-16 15.29.48,lustakcz
2018-01-16 15.31.53,Teogea
2018-01-16 15.32.48,For_public_
2018-01-16 15.33.13,wertukol
2018-01-16 15.34.10,BayleeTresch
2018-01-16 15.34.23,lifeishoot
2018-01-16 15.37.44,VieirasCompTech
2018-01-16 15.37.55,niessi_81
2018-01-16 15.38.06,r61boff
2018-01-16 15.38.14,PaaiiiGe
2018-01-16 15.38.26,UmutcanSkate
2018-01-16 15.38.38,echobiel
2018-01-16 15.38.50,doni11mala
2018-01-16 15.40.36,@catalinpapy 
2018-01-16 15.40.50,@SandinLudwig 
2018-01-16 15.41.32,speeder425
2018-01-16 15.41.44,kdim20
2018-01-16 15.42.31,Grangermedica41
2018-01-16 15.43.41,Marcolonati1
2018-01-16 15.44.09,Hanibalsmiztalv
2018-01-16 15.49.04,@pablocdron
2018-01-16 15.50.15,nuestraco
2018-01-16 15.52.52,@AdrenalineArch
2018-01-16 15.54.03, @bloodcops01 ‏ 
2018-01-16 15.55.30,@chrissacamille
2018-01-16 15.59.57,Dryfinish3108
2018-01-16 16.05.05,Ct1953
2018-01-16 16.05.50,Omaraf1996
2018-01-16 16.06.21,Slonkoi
2018-01-16 16.07.36,Pwilchow
2018-01-16 16.08.35,HelMatson
2018-01-16 16.09.19,Alcazar_123
2018-01-16 16.09.19,Ducks228
2018-01-16 16.09.39,Talilacerda1
2018-01-16 16.10.16,Veronic25886171
2018-01-16 16.10.50,Zakhaev9
2018-01-16 16.11.02,j007torres
2018-01-16 16.11.05,Mecke182
2018-01-16 16.11.39,Tornx_91
2018-01-16 16.12.12,Eric16009
2018-01-16 16.13.23,Mikey_o_0
2018-01-16 16.16.50,lovebytrustlh
2018-01-16 16.17.04,scott_a22
2018-01-16 16.17.27,chrissacamille
2018-01-16 16.17.49,@Pazita_Taco
2018-01-16 16.18.28,@josejrsa
2018-01-16 16.18.36,@lotlow1
2018-01-16 16.22.21, ‏  @felipeesteban21
2018-01-16 16.22.36,@hwangjinsun
2018-01-16 16.22.50,@TheSpyRoo
2018-01-16 16.23.00,@dhanraj90
2018-01-16 16.23.08,@Abrisis
2018-01-16 16.23.37,@FranOcaa1
2018-01-16 16.23.47,@chloe13_3
2018-01-16 16.28.13,Lucille blomfeld
2018-01-16 16.28.48,Lucille Blomfield
2018-01-16 16.29.44,@jieun9909
2018-01-16 16.30.25,@rlawlsrb0801
2018-01-16 16.31.25,@zealnzest143
2018-01-16 16.32.03,@omaraf1996
2018-01-16 16.32.41,@valbonatas
2018-01-16 16.32.44,@josejrsa
2018-01-16 16.33.16,@tucker04sutte
2018-01-16 16.33.51,@dailytwinks
2018-01-16 16.34.20,@sunny28697 
2018-01-16 16.34.41,@cupp_ykate
2018-01-16 16.35.37,@berat_ruezgar
2018-01-16 16.35.51,@cornerbankbar
2018-01-16 16.36.20,@radikal_halfao
2018-01-16 16.37.01,@anansie80
2018-01-16 16.37.42,@huebschBirgit
2018-01-16 16.38.23,@DHTadam1
2018-01-16 16.39.04,@darkfox16
2018-01-16 16.41.40,@flipzon
2018-01-16 16.48.26,@Emmart_12 ‏ 
2018-01-16 16.51.32,@OspinaWiller
2018-01-16 16.52.11,@FlorRossano
2018-01-16 16.52.18,chuchitipster
2018-01-16 16.56.42,The_jenish_pala
2018-01-16 17.05.03,ewarwoowar2011
2018-01-16 17.09.35,@nunavath_raju
2018-01-16 17.10.58,@shekhar1754
2018-01-16 17.11.14,@muhameterdem123
2018-01-16 17.11.30,@chefmeisterxx
2018-01-16 17.11.45,@oomg_gg
2018-01-16 17.12.03,@anansie80
2018-01-16 17.12.18,@Senbread
2018-01-16 17.12.32,@emysmucom
2018-01-16 17.12.46,@Mandalyn41581
2018-01-16 17.13.00,@jenniferbonham
2018-01-16 17.13.15,@GaellePichot
2018-01-16 17.13.29,@bpsallday
2018-01-16 17.13.41,@Jihoofans
2018-01-16 17.13.53,@VSilverchar
2018-01-16 17.14.05,@tak_pailin
2018-01-16 17.14.20,@miguelbbv2000
2018-01-16 17.14.35,@munikaushal
2018-01-16 17.14.50,@danicka1992
2018-01-16 17.15.02,@ramdasbakde52
2018-01-16 17.15.17,@SmokyLung
2018-01-16 17.15.28,@GoDofcAndyS
2018-01-16 17.19.45,@kb247721 ‏
2018-01-16 17.20.00,@SimoneDiMuzio96 ‏
2018-01-16 17.23.19,@kemalappak
2018-01-16 17.23.54,@joshuamathias
2018-01-16 17.24.41,@brooklynpizza
2018-01-16 17.25.12,@VETOJOEL
2018-01-16 17.26.09,@NicolasUcv
2018-01-16 17.26.52,@papillondugard
2018-01-16 17.27.59,@MWoZkdf5fk9uJfb
2018-01-16 17.31.11,@CASHFIRST_SKI
2018-01-16 17.31.42,Samuelgeromini
2018-01-16 17.32.19,Tara_b24
2018-01-16 17.32.27,Gooozzle
2018-01-16 17.32.54,AcarAcareb
2018-01-16 17.42.29,@emmka5
2018-01-16 17.55.43,modtubeofficial
2018-01-16 18.11.25,@jacobmollstam
2018-01-16 18.22.03,@Chokolatairs
2018-01-16 18.23.00,@Chocolatairs
2018-01-16 18.24.40,Mainkesiu
2018-01-16 18.24.57,Kekilazzarini
2018-01-16 18.25.10,Kekilazzarini
2018-01-16 18.28.45,@433bego
2018-01-16 18.29.02,@condor16080
2018-01-16 18.42.20,@machomapogiej
2018-01-16 18.42.32,@jorzin1
2018-01-16 18.42.46,@Jasminramos994
2018-01-16 18.44.52,@smailoooo
2018-01-16 18.55.04,azizjedidi197
2018-01-16 19.14.01,@biscoitonh
2018-01-16 19.14.24,@malmillon
2018-01-16 19.14.40,@yuvshish
2018-01-16 19.14.57,@mansteinguevara
2018-01-16 19.15.11,@AussiePanda1
2018-01-16 19.15.27,@farmer44
2018-01-16 19.15.32,@faltimiras ‏
2018-01-16 19.15.40,@eckamond
2018-01-16 19.16.02,@praneepath_ind
2018-01-16 19.16.15,@beckernate85
2018-01-16 19.16.24,JackAdkins1
2018-01-16 19.16.29,@Vladjr12
2018-01-16 19.16.43,@Solucion3
2018-01-16 19.16.56,@delph6388
2018-01-16 19.17.12,@BrittneyLawre15
2018-01-16 19.17.25,@deruzard
2018-01-16 19.17.44,@claire20372004
2018-01-16 19.17.59,@taylorcoleman22 ‏ 
2018-01-16 19.18.00,@Gustavoelgus713
2018-01-16 19.18.14,@Sebastiansaabye
2018-01-16 19.18.30,@ValentinCrx2
2018-01-16 19.18.44,@pretty_mish
2018-01-16 19.18.48,Taibrolenat1980
2018-01-16 19.18.57,@DieHardW
2018-01-16 19.19.13,@sara_janesteele
2018-01-16 19.19.40,@Billylein
2018-01-16 19.19.54,@DenisovaIlona
2018-01-16 19.20.02,wa2n_elektro05
2018-01-16 19.20.09,@LilianOyin
2018-01-16 19.20.25,@zosiamaja
2018-01-16 19.20.39,@AlexD03557166
2018-01-16 19.21.01,@10divwarrior
2018-01-16 19.21.14,@zantinal
2018-01-16 19.21.28,@1nter4ctive
2018-01-16 19.21.42,@eyecaresite01
2018-01-16 19.21.56,@Aron11041994
2018-01-16 19.22.09,@crystalgberry
2018-01-16 19.22.23,@LordMord86
2018-01-16 19.22.44,@OmkarMiraje
2018-01-16 19.23.42,DJFoxyD
2018-01-16 19.24.24,@profissionnel
2018-01-16 19.24.37,@kjziona
2018-01-16 19.24.51,@rlavk8401
2018-01-16 19.25.05,@Lulwah75
2018-01-16 19.25.20,@MarcelD3
2018-01-16 19.25.36,@EmanAlmail
2018-01-16 19.25.59,@loveoutloud25
2018-01-16 19.26.22,@Carolahuertaa
2018-01-16 19.26.37,@Mtv_Fakingit
2018-01-16 19.26.52,@kedai_rasakoe
2018-01-16 19.27.07,@ElifBozaner
2018-01-16 19.27.22,@TarangGoyal6
2018-01-16 19.29.22,pearl ericksson
2018-01-16 19.30.17,louise atcheson
2018-01-16 19.31.13,elisabeth dickinson
2018-01-16 19.31.46,michele gardner
2018-01-16 19.32.30,megan parson 
2018-01-16 19.48.18,@robert59025730
2018-01-16 19.51.25,megasunshine82
2018-01-16 19.51.55,alba_tgn
2018-01-16 19.52.27,jgolden671
2018-01-16 19.52.52,spas96
2018-01-16 19.53.23,ppkmseb
2018-01-16 19.53.44,puha2hee
2018-01-16 19.55.27,kuko1979
2018-01-16 20.08.26,patrikoksanen
2018-01-16 20.19.26,Oreilly_cohen
2018-01-16 20.20.43,LeoManarini
2018-01-16 20.20.47,abel_boy2890
2018-01-16 20.28.58,@jhenrique_rp
2018-01-16 20.29.30,@missmarie1112
2018-01-16 20.30.16,@missmarie1112
2018-01-16 20.30.44,@jhenrique_rp
2018-01-16 20.30.59,"@felipe6546,@SVilago,@kjmartinezc29,@SonidoSantana1, @JayashreeMahes7"
2018-01-16 20.31.22,@0d13a0aa9bc14ad
2018-01-16 20.31.44,@BryP73
2018-01-16 20.32.00,@ipendzick
2018-01-16 20.32.20,@GonRosa08
2018-01-16 20.32.41,@TimeForDeath_
2018-01-16 20.32.57,@suhashsawant
2018-01-16 20.33.17,@m96gra
2018-01-16 20.33.39,@AngelLucero88
2018-01-16 20.33.58,@Fayazah53694101
2018-01-16 20.34.15,@karahaz
2018-01-16 20.34.38,@lordtable_
2018-01-16 20.34.59,@felipe6546
2018-01-16 20.35.13,@SVilago
2018-01-16 20.35.30,@kjmartinezc29
2018-01-16 20.35.50,@JayashreeMahes7
2018-01-16 20.36.04,@SonidoSantana1
2018-01-16 20.36.20,@0d13a0aa9bc14ad
2018-01-16 20.36.40,@BryP73
2018-01-16 20.36.42,@Tutequila_l
2018-01-16 20.36.55, @ipendzick
2018-01-16 20.36.58,@Ddhjncfg
2018-01-16 20.37.09,@celik_
2018-01-16 20.37.15,@GonRosa08
2018-01-16 20.37.23,@MrMillerCRES
2018-01-16 20.37.33,@TimeForDeath_
2018-01-16 20.37.36,@Smourning91
2018-01-16 20.37.49,@suhashsawant
2018-01-16 20.37.49,@pajarosupertwi
2018-01-16 20.38.03,@Laveldota
2018-01-16 20.38.13,@IanSchlins
2018-01-16 20.38.18,Omaroadel6574
2018-01-16 20.38.24,@CseteYours
2018-01-16 20.38.37,@SONUSINGH13
2018-01-16 20.38.47,@djsacs29
2018-01-16 20.38.59,@Footballlworldd
2018-01-16 20.39.14,@mz_meece
2018-01-16 20.39.25,@md_nandini
2018-01-16 20.39.34,@amazz17
2018-01-16 20.39.45,@rajsurana47
2018-01-16 20.39.57,@priyangeebarua1
2018-01-16 20.40.09,@LisaLmatheny781
2018-01-16 20.40.22,@peanutgirl12
2018-01-16 20.40.33,@TissenMin
2018-01-16 20.40.46,@purplefrogue
2018-01-16 20.40.58,@djafrade_dj
2018-01-16 20.41.10,@Mery_Ivonne
2018-01-16 20.41.21,@WeirdWebzine
2018-01-16 20.41.35,@vallekastrati
2018-01-16 20.42.41,@shekksy
2018-01-16 20.43.01,ProudMom62209
2018-01-16 20.43.19,marjohn7
2018-01-16 20.43.36,jmaamgrv7
2018-01-16 20.43.58,csmith0307
2018-01-16 20.44.21,riyano13127
2018-01-16 20.44.41,heliagh1
2018-01-16 20.44.57,valee1997
2018-01-16 20.46.06,"@Klembtner , @qkV5tiu66Ixtpl8 , @Hmh795Heather"
2018-01-16 20.46.14,WojtowiczTeresa
2018-01-16 20.47.30,maarten_kuijp
2018-01-16 20.48.39,themistocles300
2018-01-16 20.49.23,Hajriz78
2018-01-16 20.51.14,Leonelandrade2
2018-01-16 20.55.38,Alla / Importerat Avancerade alternativ Avancerade alternativ Blockerad Blockerade @ehobaughrealtor Användaråtgärder  Janet Atcheson ‏  @ehobaughrealtor Blockerad Blockerade @hi850804 Användaråtgärder  Paula Cook ‏  @hi850804 Blockerad Blockerade @chloe13_3 Användaråtgärder  Emma Oldridge ‏  @chloe13_3 Blockerad Blockerade @ilovelol159 Användaråtgärder  Lucille Thomson ‏  @ilovelol159 Blockerad Blockerade @snehaa232 Användaråtgärder  Barbara Peterson ‏  @snehaa232 Blockerad Blockerade @WilliamsTeneal Användaråtgärder  Ana Watson ‏  @WilliamsTeneal Blockerad Blockerade @corentinlixon Användaråtgärder  Emma Faber ‏  @corentinlixon Blockerad Blockerade @nicotitanic Användaråtgärder  Beverly Porter ‏  @nicotitanic Blockerad Blockerade @Bella20140801 Användaråtgärder  Sherry Wood ‏  @Bella20140801 Blockerad Blockerade @edal5_khaled Användaråtgärder  Gloria Little ‏  @edal5_khaled Blockerad Blockerade @manju1987d Användaråtgärder  Elsie Ramacey ‏  @manju1987d Blockerad Blockerade @CEO_CHLee Användaråtgärder  Loretta Miln ‏  @CEO_CHLee Blockerad Blockerade @ErnestMydlarz1 Användaråtgärder  Kristin Clifford ‏  @ErnestMydlarz1 Blockerad Blockerade @capricornino75 Användaråtgärder  Bernice Charlson ‏  @capricornino75 Blockerad Blockerade @irfansrilanka Användaråtgärder  Jeanette Dickinson ‏  @irfansrilanka Blockerad Blockerade @mabito21 Användaråtgärder  Rhonda Gibbs ‏  @mabito21 Blockerad Blockerade @Raffael21134426 Användaråtgärder  Teresa Ramacey ‏  @Raffael21134426 Blockerad Blockerade @tulsatheory Användaråtgärder  Jessie Foster ‏  @tulsatheory Blockerad Blockerade @sonutimes Användaråtgärder  Carolyn Archibald ‏  @sonutimes Blockerad Blockerade @PkKhuranapulkit Användaråtgärder  Michele Durham ‏  @PkKhuranapulkit Blockerad Blockerade @321Byrd Användaråtgärder  Louise Thornton ‏  @321Byrd Blockerad Blockerade @Malou4225 Användaråtgärder  Helen Conors ‏  @Malou4225 Blockerad Blockerade @aaloushy Användaråtgärder  Darlene Macey ‏  @aaloushy Blockerad Blockerade @kalyanreddy1402 Användaråtgärder  Jessica Ferguson ‏  @kalyanreddy1402 Blockerad Blockerade @Supriyashetty22 Användaråtgärder  Lucille Gilson ‏  @Supriyashetty22 Blockerad Blockerade @Siyoyo00 Användaråtgärder  Marjorie Nelson ‏  @Siyoyo00
2018-01-16 20.56.13,makedhero123
2018-01-16 20.56.56,@SistoLuciano 
2018-01-16 20.57.19,ConanStebbing
2018-01-16 21.01.19,deyzetagg
2018-01-16 21.05.45,@Paulina8836
2018-01-16 21.06.19,@SanjayBiswas33
2018-01-16 21.07.32,@javifrivas
2018-01-16 21.07.47,nanib82
2018-01-16 21.08.08,holdencallum2
2018-01-16 21.08.38,mdikova
2018-01-16 21.08.39,@EmelKilim
2018-01-16 21.08.53,@brooke_bootow
2018-01-16 21.09.09,@jorgenicholas1
2018-01-16 21.09.14,Partytour
2018-01-16 21.09.27,ftsalkan
2018-01-16 21.09.31,McgowanB1993
2018-01-16 21.09.35,Cathy Blare
2018-01-16 21.09.35,@TajManoj
2018-01-16 21.09.52,mrwillrowe
2018-01-16 21.09.55,@samdleCH5
2018-01-16 21.10.01,Sally Crossman
2018-01-16 21.10.02,@Furiousromain44
2018-01-16 21.10.08,Raphweb
2018-01-16 21.10.08,plethinchanmil1
2018-01-16 21.10.20,@Greengreemtw
2018-01-16 21.10.21,Joe_babie
2018-01-16 21.10.35,Showe_sally
2018-01-16 21.10.37,Katherine Ellington
2018-01-16 21.10.37,@8ev0wen
2018-01-16 21.10.40,@MadushaRandika
2018-01-16 21.10.55,AndreyDovzhenko
2018-01-16 21.10.57,Zellophanes
2018-01-16 21.11.02,@Djtums
2018-01-16 21.11.08,Yura_e95
2018-01-16 21.11.14,@Barrett10Andrew
2018-01-16 21.11.15,LogicalLeah
2018-01-16 21.11.19,@nehalc94
2018-01-16 21.11.21,Damidel
2018-01-16 21.11.35,Julialiberali
2018-01-16 21.11.45,@RumirisP
2018-01-16 21.11.46,Cellophanez
2018-01-16 21.11.55, @fotiniyasobole3 
2018-01-16 21.12.01,@omzza1234
2018-01-16 21.12.09,Sessizliman
2018-01-16 21.12.14, @JackAPinkney 
2018-01-16 21.12.20,@Muhriddinjon95
2018-01-16 21.12.29,@callgirlgurgao1
2018-01-16 21.12.38,@barnet_sandra
2018-01-16 21.12.45,salimkutty4
2018-01-16 21.12.46, @nightend16 
2018-01-16 21.12.51,@nikysex
2018-01-16 21.12.58,deyzetagg
2018-01-16 21.13.05,@josemaa93
2018-01-16 21.13.09, @AstonBFF 
2018-01-16 21.13.23,@WangRio
2018-01-16 21.13.55,@Amu02Mathieu
2018-01-16 21.14.40,Danielwright111
2018-01-16 21.15.03,Yolandiolwage
2018-01-16 21.15.20,Jaccobo5
2018-01-16 21.15.45,Juninhobrigida1
2018-01-16 21.17.19,@ElenaBiancardi
2018-01-16 21.17.23,Lavage247
2018-01-16 21.17.34,@leomanarini
2018-01-16 21.18.20,Edna Barrington
2018-01-16 21.18.56,Maria Raleigh
2018-01-16 21.18.59,@ivan1078y
2018-01-16 21.19.06,@yutingren
2018-01-16 21.19.08,amycruz429
2018-01-16 21.19.21,Darlene Paterson
2018-01-16 21.19.23,ecorrea25
2018-01-16 21.19.40,pilu1431
2018-01-16 21.19.43,ti_sam_13
2018-01-16 21.19.43,Kiley Russo
2018-01-16 21.19.44,BushBush7784
2018-01-16 21.19.46,"@poky_91 ‏, @rosita_sameer ‏ , @KrasnyFilip ‏ , "
2018-01-16 21.20.04,@Twidlin ‏ 
2018-01-16 21.20.06,Hannah Dobson
2018-01-16 21.20.06,@PoliPb
2018-01-16 21.20.14,jordanmajer
2018-01-16 21.20.22,"@john1112f ‏ ,  @carlocostanzo96 ‏ "
2018-01-16 21.20.32,Danielle Keat
2018-01-16 21.20.33,leozinangelico
2018-01-16 21.20.45,usmankhan23
2018-01-16 21.20.47,@AntivirusProt
2018-01-16 21.21.04,va5qu32
2018-01-16 21.21.12,locollicious
2018-01-16 21.21.32,@Takeshi729
2018-01-16 21.21.54,talentedaphid
2018-01-16 21.22.18,gafritsche22
2018-01-16 21.22.36,saba98760
2018-01-16 21.23.04,1981_terry
2018-01-16 21.23.13,niklassvensson
2018-01-16 21.24.57,@RODRIGOMENDESDJ ‏
2018-01-16 21.26.11,@luigi95575 ‏  
2018-01-16 21.26.37,@sassy_ayo
2018-01-16 21.27.01,@sigalaroswell
2018-01-16 21.27.19,@cemstory ‏
2018-01-16 21.27.39,@Hansen50Soren
2018-01-16 21.27.55,@AminataOviahon ‏
2018-01-16 21.28.13,@gachimychi
2018-01-16 21.28.43,@podhalak
2018-01-16 21.28.58,@andylozz77 ‏
2018-01-16 21.35.05,SistoLuciano
2018-01-16 21.35.38,@LulaPell
2018-01-16 21.36.15,alessandrorn79
2018-01-16 21.36.53,@Jefadelcortijo
2018-01-16 21.36.55,LazarMitrasino3
2018-01-16 21.37.29,DonertasNora
2018-01-16 21.37.42,@Sumner5
2018-01-16 21.37.42,@Grantb1980 
2018-01-16 21.37.55,@hakan1919374829
2018-01-16 21.37.59,@georgiababy011
2018-01-16 21.38.26,@RobinLenferink
2018-01-16 21.38.27,armstrong_kati
2018-01-16 21.39.05,@YogreszCsiga
2018-01-16 21.39.18,TUltimateGamr1
2018-01-16 21.39.28,@mariuspinard
2018-01-16 21.39.44,@naejie18 @NtinaZarifi @MarTheMarvelous 
2018-01-16 21.39.56,@manjunathnk6467 
2018-01-16 21.39.58,@mariolazalewska
2018-01-16 21.40.10,@rmeadors6
2018-01-16 21.40.18,semroig
2018-01-16 21.40.23,JoshCliff3
2018-01-16 21.40.24,KiingRBH
2018-01-16 21.40.24,@rae53188
2018-01-16 21.40.30,@etepsirhc
2018-01-16 21.40.34,@naejie18
2018-01-16 21.40.45,@NtinaZarifi
2018-01-16 21.40.49,Memenation12
2018-01-16 21.40.50,@GorgeousItworks
2018-01-16 21.40.58,McinleePayne
2018-01-16 21.40.59,@MarTheMarvelous
2018-01-16 21.41.08,@RainoneJeannine
2018-01-16 21.41.05,@heldemi
2018-01-16 21.41.29,Lucarser62
2018-01-16 21.41.33,xellisdan
2018-01-16 21.42.08,UnkleSkamm
2018-01-16 21.42.12,@kimrhodes8617
2018-01-16 21.42.56,dankilo123
2018-01-16 21.43.05,@gordo48893
2018-01-16 21.43.34,@Gustavo06093560 ‏ 
2018-01-16 21.43.44,katialena79
2018-01-16 21.44.20,paul_muzz
2018-01-16 21.44.47,djanick23
2018-01-16 21.44.59,470669409
2018-01-16 21.45.37,Mozgrell
2018-01-16 21.45.43,@montoya762
2018-01-16 21.45.51,@MillyDiego
2018-01-16 21.46.01,@Federic63977713
2018-01-16 21.46.15,Sesilia0915
2018-01-16 21.46.20,@sinho91
2018-01-16 21.46.42,@ArquiJs
2018-01-16 21.46.49,chunghyeonlee
2018-01-16 21.47.13,DrSingh134
2018-01-16 21.47.17,@3168ac09dc8a450
2018-01-16 21.47.37,@bilgegrrsln1
2018-01-16 21.47.47,maxelson
2018-01-16 21.48.08,@ginacannon147
2018-01-16 21.48.37,@CynthiaHervouet
2018-01-16 21.48.52,@nisar_caty
2018-01-16 21.48.57,kenankenan
2018-01-16 21.49.07,@politikaaaa
2018-01-16 21.49.16,1peekaboo8
2018-01-16 21.49.16,greenlumineer
2018-01-16 21.49.23,@badgujarG
2018-01-16 21.49.34,mickmacaroon
2018-01-16 21.49.39,MarlonPW
2018-01-16 21.49.41,@Iamrealer
2018-01-16 21.49.50,pedrofuenla
2018-01-16 21.49.57,@SadHeartbeat
2018-01-16 21.50.05,guillermochaco4
2018-01-16 21.50.28,@lovefreecams
2018-01-16 21.50.31,sausage_67042
2018-01-16 21.50.48,rishabhr75
2018-01-16 21.51.07,@AlexandreDuwa
2018-01-16 21.51.07,ranggacn
2018-01-16 21.51.22,talirisa1977
2018-01-16 21.51.34,MevelinCaba
2018-01-16 21.51.36,@Krkhan123
2018-01-16 21.51.40,Abhinam2007
2018-01-16 21.51.55,krisyuvan
2018-01-16 21.52.08,ola_ski
2018-01-16 21.52.18,@CynthiaHervouet
2018-01-16 21.52.45,cpytcpy
2018-01-16 21.52.52,@kearns770
2018-01-16 21.53.35,@harrietfernan
2018-01-16 21.54.00,BortotBruno
2018-01-16 21.54.07,@Ajay73p
2018-01-16 21.54.35,AKAfreeman ‏
2018-01-16 21.55.14,IbrahimElgaby
2018-01-16 21.55.25,Emma Nathan @isaosAcosta
2018-01-16 21.56.19,Annette Carrolly @MYN_csm2
2018-01-16 21.59.03,Yuukiih
2018-01-16 21.59.35,Models_Rock
2018-01-16 22.00.22,unglipulam1987
2018-01-16 22.04.01,DjanSaint
2018-01-16 22.04.53,fknmohsen
2018-01-16 22.06.46,markprojekt360
2018-01-16 22.07.31,sherinel_sheri
2018-01-16 22.09.14,Rems_Rock
2018-01-16 22.09.33,MYW_csm2
2018-01-16 22.09.45,elsabadoinc
2018-01-16 22.09.54,MaahSayuri20
2018-01-16 22.10.03,evet_tareq
2018-01-16 22.10.22,mypotier
2018-01-16 22.10.38,chapotuneles
2018-01-16 22.10.39,Bigtymer29
2018-01-16 22.12.57,Cynhia0191
2018-01-16 22.13.55,Opilacsil1979
2018-01-16 22.15.56,Rebeccaamiri
2018-01-16 22.16.40,Kaghen
2018-01-16 22.16.59,@Sunitashu @garlapatimahesh  @oreilly_colleen @Supersnooysan  @er_rayn52  @MB_AT02 @cuneyt_ipek @shoryasoni21
2018-01-16 22.18.15,Sh33oo
2018-01-16 22.18.38,Semroig
2018-01-16 22.18.53,Huang123456
2018-01-16 22.19.18,PlamenaPetk
2018-01-16 22.20.02,Khanhhuyen272V
2018-01-16 22.20.41,Delores Carroll @Metalerosanch.  Har säkert fått 10 till i år. Blockerat . Vet inte hur man kan se vilka man blockerat.
2018-01-16 22.20.43,Mrsclfrancis
2018-01-16 22.21.02,Memesparacagar
2018-01-16 22.21.19,Sh33oo
2018-01-16 22.21.43,Maxsinambela
2018-01-16 22.21.56,@DlklcM @kameshm3 @cknjbt2 
2018-01-16 22.22.03,Albatross3883
2018-01-16 22.22.24,Nedspiden
2018-01-16 22.22.26,‪@Ih8bros ‬
2018-01-16 22.22.44,Williams11_ford
2018-01-16 22.23.04,Harry_HK_XD
2018-01-16 22.23.33,Fca_mat
2018-01-16 22.23.49,‪@Kikomorenod ‬
2018-01-16 22.23.52,Cosmolopes2
2018-01-16 22.24.06,Xsannywu
2018-01-16 22.24.43,Margaritaebe
2018-01-16 22.25.04,‪@pcymybaeee ‬
2018-01-16 22.25.07,Abootwitt
2018-01-16 22.25.38,QaisarMehmood00
2018-01-16 22.25.47,@noalindberg111
2018-01-16 22.25.54,Aheum1
2018-01-16 22.26.59,‪@marro_francesco ‬
2018-01-16 22.27.00,@dworuus
2018-01-16 22.27.38,@missmarie1112
2018-01-16 22.27.54,Sting0817
2018-01-16 22.27.58,‪@Oleyya ‬
2018-01-16 22.28.56,axelpoullard75
2018-01-16 22.29.03,@JasmineTrenisa
2018-01-16 22.29.07,‪@UnPetitConn ‬
2018-01-16 22.29.28,teusinhoscc
2018-01-16 22.29.32,@natan2010
2018-01-16 22.29.51,bounerjulio
2018-01-16 22.30.01,@ashmccoy21
2018-01-16 22.30.21,srinicool94
2018-01-16 22.30.22,effielosjuegos
2018-01-16 22.30.35,skrunchyvilavi m98765786 xtmaah berttholio kumalojoel angelgaro2003 greengreemtw unfaqkwittable sagec134 elenlagutina zanakiou amdnikko analuci081070 ranamanish23 edu445544 kafai1245 hopperwife mr1_mohamed vikasdabas2013 rrriiiccckk splashpiggy
2018-01-16 22.30.37,teogea
2018-01-16 22.30.47,@diocircecon1972
2018-01-16 22.30.52,chrille101
2018-01-16 22.30.59,@BieleschP ‏
2018-01-16 22.31.10,darthnihilist
2018-01-16 22.31.19,@chenzhenforever
2018-01-16 22.31.20,@kula1981
2018-01-16 22.31.30,stefanliebrandt
2018-01-16 22.31.39,@carlosmtzriojas
2018-01-16 22.31.37,@schizzo995
2018-01-16 22.31.42,sjory3
2018-01-16 22.31.51,@wanwan009
2018-01-16 22.32.06,ellikuh_kot
2018-01-16 22.32.20,seedsinyourass
2018-01-16 22.32.34,tormajanek
2018-01-16 22.32.52,bemysexytoy_
2018-01-16 22.32.58,@deborah57166053
2018-01-16 22.33.07,@nikemoore2
2018-01-16 22.33.08,marianaruth85
2018-01-16 22.33.26,mattheusjorge23
2018-01-16 22.33.31,@margstandfield
2018-01-16 22.33.37,bonlipapa
2018-01-16 22.33.45,kjc2176
2018-01-16 22.33.58,@ForsakenWolf
2018-01-16 22.34.02,waycallapen1975
2018-01-16 22.34.13,pastorek15
2018-01-16 22.34.31,@ForesakenWolf
2018-01-16 22.34.36,Lillian Gaibraith
2018-01-16 22.34.40,97Pompili
2018-01-16 22.35.11,@dtarealtor2
2018-01-16 22.35.37,@eyeful2001
2018-01-16 22.35.52,StellaFifi
2018-01-16 22.36.03,@1028fedde
2018-01-16 22.36.21,Haone663560
2018-01-16 22.37.02,@aneeshk55155688
2018-01-16 22.37.02,Theaworth
2018-01-16 22.37.39,@lovekhus687
2018-01-16 22.38.16,Beninie77
2018-01-16 22.38.45,@Mohdlmr21032732
2018-01-16 22.39.01,@psychedelica_in 
2018-01-16 22.39.11,@yasmen2020
2018-01-16 22.40.03,@Dzidapl
2018-01-16 22.40.59,@imeoria_chioma
2018-01-16 22.41.29,@Bailsters
2018-01-16 22.42.03,@adkins_bonnie
2018-01-16 22.42.27,@WSoonklang
2018-01-16 22.43.01,@prakesh7654
2018-01-16 22.43.52,Nkiru389
2018-01-16 22.44.57,@aadhiyogi1000
2018-01-16 22.45.34,@sadewo_69
2018-01-16 22.46.28,@DachhanRocker
2018-01-16 22.46.30,srinicool94
2018-01-16 22.46.39,GoyetteRebecca
2018-01-16 22.46.47,Margaritaebe
2018-01-16 22.46.49,stunevpacu1986
2018-01-16 22.46.57,nathanRipley98
2018-01-16 22.47.08,FantasyCrave
2018-01-16 22.47.31,Pupsenmupsen
2018-01-16 22.48.19,NgurahAgung91
2018-01-16 22.48.27,arda198024
2018-01-16 22.48.36,167891011
2018-01-16 22.49.48,@BossSholih
2018-01-16 22.50.17,Bucheri77
2018-01-16 22.52.13,Monica MacDonald 
2018-01-16 22.57.20,@marko96marin @RickKrause4 @Nosa55Miss @Mateuzinhopaiva @marcell28626872 ‏ @deano069 @keaton1234567 @5cac0fef77aa4c5 @HasanMerTAydn @its_azhar @Linamazzocchin @204storu @kqrimson @LoveLovek777 @Twitdabalada @Tmink7 @zachwidener13 @nirvanalives05 ‏ @MGqzy  ‏ @SimoneDiMuzio96 ‏ @irmak050711 ‏ @be_rooz @Dregoose23 @roomfor602 @gooozzle    @krasio3949 @SexyMartinJacob @ArnoldRocio ‏ @epaixaooficial ‏ @rudo1122 ‏ @hyl886 ‏ @wResTLeRcho_ ‏ @trinidadgrabu @NellasTweet_  @CaiSantyy @Wanik78 @VidalgutoVidal 
2018-01-16 23.00.33,Ziamarci
2018-01-16 23.00.43,@zola0208 ‏ @LuffyAlMarzooqi @ritika__chhabra @seorepo98299 ‏ @LuizPetta ‏ @fhc208 ‏ @erpradeep89 ‏ @junyong0309 @ykdavis10 @Qwertymicke @_rdonaldson_ ‏ @wkdmslaka @lauchice @Tyger6Tyger  @kujde @khk3145 @kirazmevsimii34 @midhunvkunhiram @Edeethesinger12 @mathurkapil787 @ozayaydogdu @Krimee581 @pankajshaw250 ‏ @janaldino11 @leeharvey1979 ‏ @kptphotography ‏ @ghanshyamdubey  @Jithu999222 @kirankumarb12  @SharvariKher
2018-01-16 23.00.56,afanofBlockB
2018-01-16 23.01.13,TyPzLuca
2018-01-16 23.01.37,Ella Vaughan
2018-01-16 23.01.44,Hammond909
2018-01-16 23.01.49,Iluminababdt
2018-01-16 23.03.53,@darthnihilist
2018-01-16 23.04.25,venyvivimos
2018-01-16 23.04.37,@mahlee203
2018-01-16 23.04.59,BabyLut49786322
2018-01-16 23.05.13,@malee203
2018-01-16 23.06.49,@OAUAdmission 
2018-01-16 23.07.50,@Nathan18655928 
2018-01-16 23.08.13, emily_yesas  / OrangeBear_25 / b4e4596e72b741c
2018-01-16 23.08.29,@lcelala123
2018-01-16 23.08.39,@winchestervik
2018-01-16 23.09.02,@valen20081216 
2018-01-16 23.09.13,@P_Primm ‏
2018-01-16 23.09.26,@DieHardW ‏
2018-01-16 23.10.16,@Lulualabduljale 
2018-01-16 23.10.48,RhymeAndShine
2018-01-16 23.11.12,Serhan_Dulger
2018-01-16 23.11.39,TeamSBowman
2018-01-16 23.14.19,@GeorgyPavlenko 
2018-01-16 23.22.16,@wm05074
2018-01-16 23.21.34,RodrigoCae2001
2018-01-16 23.30.02,@_raachelle
2018-01-16 23.39.59,@tjrouse21_tj @bugaboo110
2018-01-16 23.42.00,WorldCarder
2018-01-16 23.43.19,jaynebrennan37
2018-01-16 23.44.26,sachinpalekar34
2018-01-16 23.45.40,moimuchacho
2018-01-17 00.04.37,@FelixWeingold
2018-01-17 00.05.13,@scrapcoventry
2018-01-17 00.05.32,@rigaux7
2018-01-17 00.05.51,@Kumudkinkar
2018-01-17 00.06.08,@miguel9735
2018-01-17 00.06.23,@Felix70984905
2018-01-17 00.06.41,@iasym4
2018-01-17 00.06.55,@12345beija
2018-01-17 00.07.12,@pptloltpp
2018-01-17 00.07.26,@jmuandcstoocbk
2018-01-17 00.07.43,@emmascaramuccia
2018-01-17 00.22.28,Tvisterererek
2018-01-17 00.43.14,@9an3XCor78fqMqZ
2018-01-17 06.05.08,Meganloveezu
2018-01-17 06.06.42,Mena2flavour
2018-01-17 06.15.04,@SkyhighEventz
2018-01-17 06.15.08,BarboraNova
2018-01-17 06.16.08,@AndrRuivinho
2018-01-17 06.19.20,@seclsenel77
2018-01-17 06.19.34,@fadri1975
2018-01-17 06.19.47,@runningshero
2018-01-17 06.20.04,@Sawex12345
2018-01-17 06.20.15,@MCducksman29
2018-01-17 06.21.10,@BlackSssunshine
2018-01-17 06.21.18,@jencobr
2018-01-17 06.21.29,@Authentic_Ltee
2018-01-17 06.21.37,@PavlinPetrov
2018-01-17 06.21.47,@pettlezdandy
2018-01-17 06.21.56,@BasAndres
2018-01-17 06.22.47,@Alfa_Septya
2018-01-17 06.23.00,@NeLsApoKaliPtik
2018-01-17 06.23.10,@VillamayorMarti
2018-01-17 06.23.21,@xxbrittanyyx3
2018-01-17 06.23.30,@MaahSayuri20
2018-01-17 06.23.40,@LRapesta
2018-01-17 06.23.48,@xsannywu
2018-01-17 06.23.58,@akn_63
2018-01-17 06.24.07,@joaozinhorr
2018-01-17 06.24.17,@EchoWeng
2018-01-17 06.24.31,@tygrysxxx10
2018-01-17 06.26.01,@sprucetrap87
2018-01-17 06.26.09,@catgir13
2018-01-17 06.26.27,@gump5555
2018-01-17 06.29.39,@xTheBetze
2018-01-17 06.30.15,@subtlesbass
2018-01-17 06.30.58,@oneedirectionn0
2018-01-17 06.31.27,@shendal11
2018-01-17 06.32.19,@J4L2S11
2018-01-17 06.32.54,@JadeMillsom
2018-01-17 06.33.05,@Brady_Reams
2018-01-17 06.33.17,@rhoddyy7
2018-01-17 06.33.28,@Gabrielbpr
2018-01-17 06.33.40,@wahida1981
2018-01-17 06.33.52,@keysncodes
2018-01-17 06.34.08,@gump5555
2018-01-17 06.35.21,Yarbro69
2018-01-17 06.36.22,@ErisKaos
2018-01-17 06.36.32,@AussiePanda1
2018-01-17 06.36.44,@j_me56
2018-01-17 06.36.55,@BounerJulio
2018-01-17 06.37.07,Tudo_nossu
2018-01-17 06.37.10,jrhopey29
2018-01-17 06.39.00,paco_009
2018-01-17 06.39.19,@Makan890
2018-01-17 06.40.51,@koalaa10
2018-01-17 06.44.48,@yarbo69
2018-01-17 06.45.08,@Markleeswebcam1
2018-01-17 06.48.19,Amb3r_mart1n
2018-01-17 06.48.46,Izzulasyraf3
2018-01-17 06.49.15,srinicod94
2018-01-17 06.49.36,lovejames792
2018-01-17 06.50.46,Theebambamkid
2018-01-17 06.55.49,Panand22
2018-01-17 06.58.04,Ducursino
2018-01-17 06.58.35,Jacobsalvin
2018-01-17 06.58.49,Esther nevill
2018-01-17 06.59.25,Diqn_tranjora
2018-01-17 07.00.15,Rickysantiago
2018-01-17 07.00.43,Dilanbros27
2018-01-17 07.01.04,Toth_danika522
2018-01-17 07.01.22,Yotelocanto
2018-01-17 07.02.13,Elaineawatson
2018-01-17 07.04.21,Laura pass
2018-01-17 07.07.59,Kim harrison
2018-01-17 07.10.56,@aashal_m
2018-01-17 07.12.22,Sue carey
2018-01-17 07.15.11,Jochen_zick
2018-01-17 07.19.41,@szonja_takacs
2018-01-17 07.19.54,@huang123456
2018-01-17 07.20.06,@Barrybaynes
2018-01-17 07.20.20, @Az456737John ‏ 
2018-01-17 07.20.20,@zaq51401
2018-01-17 07.20.32,@cassino_cui
2018-01-17 07.20.45,@gaanlugiu
2018-01-17 07.21.33,Janet wood
2018-01-17 07.23.26,Lynn flanagan
2018-01-17 07.32.09,Rita Simpson
2018-01-17 07.36.09,Skaparn
2018-01-17 07.36.37, @McGuireAlan
2018-01-17 07.37.10, @mario_souzaa
2018-01-17 07.37.34,@inmaluquemora
2018-01-17 07.40.25,Brittany Molligan @pharm81
2018-01-17 07.42.27,@dj_shaim ‏ @jesus_pinto78 ‏
2018-01-17 07.44.56,Victoria Dickinson
2018-01-17 07.45.15,Ruby Chesterton
2018-01-17 07.45.42,@modallica
2018-01-17 07.47.05,@AntooContador
2018-01-17 07.48.14,Sally Gilson
2018-01-17 07.48.43,@Dezz52681499
2018-01-17 07.51.38,Janemanuelskorsten
2018-01-17 08.00.51,verissim11
2018-01-17 08.01.15,mskendallnj
2018-01-17 08.02.17,k_ary87
2018-01-17 08.02.56,MirkoLeckel
2018-01-17 08.03.26,AnnaFaust1
2018-01-17 08.04.01,99Kiyotake
2018-01-17 08.04.31,Xia_Raven
2018-01-17 08.04.36,@etepsirhc  ‏  @murbach_v @MYhonatan @Tchello78 @BillyGoolesby1 @lykhes @_MarcEscoin @tors4321 @gsc06009 @bentennyssteel3 @cbksadforhan @jgarciadesantos @marcell28626872  ‏  @toughjaebong @kUP0IK7c3dC2j7H  ‏  @leejoon2001 @AnjalnaSultan @dajeong06 @coke752 @SevdalinaU @9b40a46f322b43c @KaylaStark @jadem_davyd
2018-01-17 08.05.23,elizkotalak1
2018-01-17 08.05.45,@BitelliFil
2018-01-17 08.06.13,ciervoandrea1
2018-01-17 08.06.44,Markusegaal
2018-01-17 08.07.02,Ruby Kennedy @Deswolf92
2018-01-17 08.07.17,kfwood537
2018-01-17 08.07.50,rajadas0785
2018-01-17 08.08.23,lalu77patel
2018-01-17 08.08.52,akkibossss
2018-01-17 08.09.14,@Anza_lne
2018-01-17 08.09.27,AbstonJuliana
2018-01-17 08.09.29,Samantha Arnold @adiaetnika
2018-01-17 08.09.43,@Elguerrero777as
2018-01-17 08.10.35,bonlipapa
2018-01-17 08.11.11,Vera Oliver @SteveOLwin
2018-01-17 08.11.12,aamirhafiz786
2018-01-17 08.11.50,one_sega
2018-01-17 08.14.40,Callgirlgurgao1
2018-01-17 08.15.24,Antoinebhz
2018-01-17 08.25.58,@red_sharpie 
2018-01-17 08.26.44,@carlalbar
2018-01-17 08.27.38,@PWilchow
2018-01-17 08.28.56,mrbubbles0
2018-01-17 08.30.14,Hfrescas
2018-01-17 08.30.37,pimaga77
2018-01-17 08.31.13,pau_libra
2018-01-17 08.32.45,vladi01996
2018-01-17 08.40.42,YXT0331
2018-01-17 08.41.08,Victoria Calhoun
2018-01-17 08.41.11,bsoumee
2018-01-17 08.41.22,@jjackrryan
2018-01-17 08.41.41,VAmberline
2018-01-17 08.42.02,Rebecca70818931
2018-01-17 08.43.23,@jacobo5
2018-01-17 08.43.26,@Jordindejong
2018-01-17 08.43.38,@eriquinhast
2018-01-17 08.43.44,@daveywilliamsjr
2018-01-17 08.43.48,@teaghan1172
2018-01-17 08.43.57,@missyoliver13
2018-01-17 08.43.57,@mrfuka
2018-01-17 08.44.08,@AMJHARSHARIF
2018-01-17 08.44.16,@matheusbenitoxd
2018-01-17 08.44.18,@premsagar69
2018-01-17 08.44.36,@eunluvmong
2018-01-17 08.44.54,@simonyan2
2018-01-17 08.45.22,nickatina11
2018-01-17 08.45.37,archer_murray
2018-01-17 08.47.51,@AndreaS00190729
2018-01-17 08.49.09,@streetflip
2018-01-17 08.53.12,@go_fly
2018-01-17 08.56.27,Diqn_tranjora
2018-01-17 08.59.06,Inammicti1979
2018-01-17 09.01.03,@Srinand1491Neal ‏ 
2018-01-17 09.01.11,@MARKAGRAFICA ‏ 
2018-01-17 09.01.20,@partyadI ‏ 
2018-01-17 09.01.31,@Metalerosanch ‏ 
2018-01-17 09.01.41,@Lovemathias2000 ‏ 
2018-01-17 09.01.50,@bandeshshreyas ‏ 
2018-01-17 09.01.57,@SelahattinUla ‏ 
2018-01-17 09.02.07,@DeathTrooperA01 ‏ 
2018-01-17 09.02.15,@Jenniferlenno ‏ 
2018-01-17 09.02.23,@Janet14411 ‏ 
2018-01-17 09.02.31,@jenny_Bryt ‏ 
2018-01-17 09.04.34,@TioBaianO1
2018-01-17 09.04.52,@s1enimies
2018-01-17 09.05.28,@Abdulsa51992882 ‏ 
2018-01-17 09.18.10,@Kooler221
2018-01-17 09.18.50,trashclown
2018-01-17 09.22.39,CraZyCry
2018-01-17 09.27.38,Eva Coleman
2018-01-17 09.28.52,@lover2727
2018-01-17 09.29.40,@d_kolchin77
2018-01-17 09.29.59,Joan Neville
2018-01-17 09.30.35,Sgmoon36
2018-01-17 09.30.47,@yotelocanto
2018-01-17 09.30.57,@elevateapparel
2018-01-17 09.31.06,@upadhyay_nayna
2018-01-17 09.31.14,@Marina_Kitt
2018-01-17 09.31.22,@RohiSwami
2018-01-17 09.31.29,@mishrar405
2018-01-17 09.31.35,@xxg_money456xx
2018-01-17 09.31.56,@enfertera1986
2018-01-17 09.32.05,@spartanez132
2018-01-17 09.32.08,@Preezy14
2018-01-17 09.32.12,‏ @tommylpc1984
2018-01-17 09.32.22,@elyverdura
2018-01-17 09.32.28,@Senbread
2018-01-17 09.32.45,‏ @3117407102
2018-01-17 09.32.47,@ilovemileah
2018-01-17 09.32.52,@MomosRoyaleros
2018-01-17 09.33.01,@wailmenany221
2018-01-17 09.33.08,@dani_morae
2018-01-17 09.33.08,@Xia_Raven
2018-01-17 09.33.14,@g_dalmiras
2018-01-17 09.33.21,@roomfor602
2018-01-17 09.33.25,@sarahme1727
2018-01-17 09.33.29,@BLACKBERRY61772
2018-01-17 09.33.38,@Rekrutors
2018-01-17 09.33.41,@gtr4play
2018-01-17 09.33.45,@628Hsu
2018-01-17 09.33.51,@AngelMtz1612
2018-01-17 09.33.57,@hossineremache
2018-01-17 09.34.06,@Pho_vengador
2018-01-17 09.34.12,@PurrCrasher
2018-01-17 09.34.18,@sarahlevy9
2018-01-17 09.34.24,@Trackmole
2018-01-17 09.34.24,@RobertK6604
2018-01-17 09.34.32,@gencaytekin34
2018-01-17 09.34.37,@fknmohsen
2018-01-17 09.34.39,@eldapepe
2018-01-17 09.34.47,@Authentic_Ltee
2018-01-17 09.34.51,@jelleeysermans
2018-01-17 09.34.53,@62d7ac5dde3e4f2
2018-01-17 09.35.00,@renynotwitt
2018-01-17 09.35.07,@doinmr_swift
2018-01-17 09.35.07,@Freo94
2018-01-17 09.35.13,@katechristodou1
2018-01-17 09.36.00,@muayoubo ‏
2018-01-17 09.36.17,@kirkirg ‏ 
2018-01-17 09.36.40,@JIOIIIAPUK ‏ 
2018-01-17 09.36.56,@slavaprocenko1 ‏
2018-01-17 09.37.08,@tufelkanaspilke ‏ 
2018-01-17 09.37.26,@ukisung ‏ 
2018-01-17 09.37.53,@LeszekSzwajkosz ‏ 
2018-01-17 09.38.16,@south9602 ‏
2018-01-17 09.38.57,@AmyaValera ‏ 
2018-01-17 09.39.41,@salinaford9 ‏
2018-01-17 09.39.57,@Christe0352 ‏
2018-01-17 09.40.32,@w9w6nteMe7sXNGe ‏
2018-01-17 09.40.50,@Falcao__Joao
2018-01-17 09.41.03,@saeideh992
2018-01-17 09.41.14,@super1561
2018-01-17 09.41.26,@aneshong
2018-01-17 09.41.39,@mauruusantos
2018-01-17 09.41.54,@AyaanDirie
2018-01-17 09.42.05,@floriano19_08
2018-01-17 09.42.08,artembon350
2018-01-17 09.42.17,@kubraaplak
2018-01-17 09.42.25, @TetiConfetti 
2018-01-17 09.42.59, @tveed120
2018-01-17 09.43.16,@G33KSH0W420
2018-01-17 09.43.37,@SubmissionGod
2018-01-17 09.43.47,@GinnyVirg
2018-01-17 09.43.53,@55_glhan
2018-01-17 09.44.08,@sidd1408
2018-01-17 09.44.21,@hiandrewandrews
2018-01-17 09.44.37,@mrvurgun
2018-01-17 09.44.51,@can_cemil
2018-01-17 09.48.18,nataliedavies87
2018-01-17 09.48.31,retrolanshark
2018-01-17 09.48.44,sausseytwit
2018-01-17 09.49.03,WojtowiczTeresa
2018-01-17 09.52.49,@nano_danny
2018-01-17 09.53.02,@mputra_adi
2018-01-17 09.53.13,@Lafloke
2018-01-17 09.53.23,@Ukeshj11
2018-01-17 09.53.32,@joo312
2018-01-17 09.53.43,@CalicoDrake
2018-01-17 09.53.53,@praxishabituspa
2018-01-17 09.53.57,@Santhoshir4 ‏
2018-01-17 09.54.03,@ramazan06931984
2018-01-17 09.54.16, ‏  @liannemasters2
2018-01-17 09.54.27,@L1na_a
2018-01-17 09.54.33,@toth_danika522
2018-01-17 09.54.41,@danyoemile
2018-01-17 09.54.52,@julesroumgous
2018-01-17 09.54.57, @SparkleDonutz ‏ 
2018-01-17 09.55.02, @swarnakamal_ray
2018-01-17 09.55.13,@emanoel_rocha
2018-01-17 09.55.17,@foufafifi4
2018-01-17 09.55.29, @TetiConfetti ‏ 
2018-01-17 09.55.37, @Matigallo87 ‏ 
2018-01-17 09.55.51,@AsiansRSexii
2018-01-17 09.56.06,@AdrenalineN_USA
2018-01-17 09.56.35,LeTocardGrwg
2018-01-17 09.57.01,ephemeralhoe
2018-01-17 09.57.14,Rhods
2018-01-17 09.57.17,@Baked24769
2018-01-17 09.57.31, @ignacio8000
2018-01-17 09.57.40,paoliincampo1
2018-01-17 09.57.42,@plasmis7‏
2018-01-17 09.58.06,andyc105
2018-01-17 09.58.22,@mamasailoo
2018-01-17 10.01.11,@MisterD_Dong
2018-01-17 10.01.21,namidigerkado
2018-01-17 10.01.42,iCraZyCry
2018-01-17 10.02.05,Alper_Eray
2018-01-17 10.02.25,joao_manoel1700
2018-01-17 10.02.25,@Therolexlion
2018-01-17 10.03.27,@Kuroi_Sasori
2018-01-17 10.04.57,@RolandHatcher1
2018-01-17 10.05.48,@kaandonbekci 
2018-01-17 10.06.49,@KatherineBeniot ‏
2018-01-17 10.10.38,Lee97942246
2018-01-17 10.11.02,@MBenoit98
2018-01-17 10.11.03,Luisgr95
2018-01-17 10.11.26,@sedersfirst
2018-01-17 10.12.27,@Voratham 
2018-01-17 10.12.40,@maronne55
2018-01-17 10.13.38,@baba069
2018-01-17 10.14.47,@Dicory
2018-01-17 10.15.07,@siddiqui793
2018-01-17 10.15.22,@jineshshah7
2018-01-17 10.15.39,@LukaszSzymanski
2018-01-17 10.15.53,@KRUEL_MUSIC_
2018-01-17 10.16.07,Acasnav 
2018-01-17 10.16.08,@fjenmei
2018-01-17 10.16.24,@nachiyo93
2018-01-17 10.16.39,@Nabil_Irfan1
2018-01-17 10.16.54,@JSPRFirm
2018-01-17 10.17.09,@salmrizza
2018-01-17 10.17.24,@KarolinWeltick1
2018-01-17 10.17.38,@jose_enrique307
2018-01-17 10.17.51,@ataev_08
2018-01-17 10.18.05,@lotlow1
2018-01-17 10.18.19,@GamezStuffz
2018-01-17 10.18.34,@ronkstar631
2018-01-17 10.18.48,@Madds6601
2018-01-17 10.19.03,@diegogascia
2018-01-17 10.19.06,FonsDamm
2018-01-17 10.19.19,@cs_matrixisreal
2018-01-17 10.19.33,@Linking_102
2018-01-17 10.19.47,@jayce11001
2018-01-17 10.20.04,@josegonzalez_98
2018-01-17 10.20.20,@LimbrickLliz170
2018-01-17 10.20.32,@mohdeissa1
2018-01-17 10.20.45,@brad_rabida
2018-01-17 10.21.02,@LanNoob
2018-01-17 10.21.20,@machomapogiej
2018-01-17 10.21.35,@ClaudioRolna
2018-01-17 10.21.53,@ErinDenham1010
2018-01-17 10.22.09,@tongkronganARUM
2018-01-17 10.22.20,@sweetie_510
2018-01-17 10.22.23,@rahmaalkhouli
2018-01-17 10.22.29,Caroline Faber @wonderwoman2001
2018-01-17 10.22.36,@Nini2381
2018-01-17 10.22.45,@Unseenghostx 
2018-01-17 10.22.48,@Scorpio966
2018-01-17 10.23.03,@healthcenter1
2018-01-17 10.23.16,@sesmaely
2018-01-17 10.23.28,@JhakkasSonam
2018-01-17 10.23.41,@smritigrover1
2018-01-17 10.23.55,@his_sven
2018-01-17 10.24.09,@19Punchyourass
2018-01-17 10.24.21,@petee01
2018-01-17 10.24.34,@Can42976464
2018-01-17 10.24.48,@thoughtsofsin92
2018-01-17 10.25.00,@stunningarunraj
2018-01-17 10.25.13,@kemalappak
2018-01-17 10.25.26,@poppyrobinson1
2018-01-17 10.25.33,@Antdatnucca
2018-01-17 10.25.40,@julio_jburgos
2018-01-17 10.25.52,@brian99063501
2018-01-17 10.26.05,@anetka5525
2018-01-17 10.26.19, ‏  @noahle96
2018-01-17 10.26.33,@devthewicked
2018-01-17 10.26.47,@DCharger_79
2018-01-17 10.27.01,@patriziamorasso
2018-01-17 10.27.30, ‏  boygood23@
2018-01-17 10.27.44,@vibhumudit
2018-01-17 10.27.59,@_emarsh
2018-01-17 10.28.12,@AnandKoshy1
2018-01-17 10.28.27,@te_okrodd
2018-01-17 10.28.45,@shria_y
2018-01-17 10.28.56,izakkugonz
2018-01-17 10.28.58,@_mipuntodevista
2018-01-17 10.29.14,@iriscellphone
2018-01-17 10.29.15,@EvlimenS
2018-01-17 10.29.35,@el_bunyan
2018-01-17 10.29.49,@nageshsingh123
2018-01-17 10.29.56, @Bylkaroc1 ‏ 
2018-01-17 10.30.15, @bloodgantz1988 ‏
2018-01-17 10.30.27, @zeltra22 ‏ 
2018-01-17 10.30.47, @cychole29 ‏ 
2018-01-17 10.30.58, @Gilliam725 ‏ 
2018-01-17 10.31.16, @mheyhaj25 ‏ 
2018-01-17 10.31.19,@Surmight 
2018-01-17 10.31.30, @Anza_lne ‏
2018-01-17 10.31.45, @sarliluna ‏ 
2018-01-17 10.31.54,@ThatblackHat 
2018-01-17 10.32.02, @AbuUmaaar ‏ 
2018-01-17 10.32.12, @vjkumar404 ‏ 
2018-01-17 10.32.23, @ayberk15 ‏
2018-01-17 10.32.29,linmoore335
2018-01-17 10.32.34, @SarahPullar ‏ 
2018-01-17 10.32.45,sanja_stanet
2018-01-17 10.32.48, @player99999 ‏ 
2018-01-17 10.33.09,AARONxTHExKING
2018-01-17 10.33.17, @ShaneGrande56 ‏
2018-01-17 10.33.22,limironova11577
2018-01-17 10.33.41,lenanena2
2018-01-17 10.33.48, @Srinand1491Neal ‏ 
2018-01-17 10.33.56,stbobrova71026
2018-01-17 10.34.10, @HarsharnD ‏
2018-01-17 10.34.11,dotcomkim10
2018-01-17 10.34.20, @radit66666 ‏ 
2018-01-17 10.34.25,lisukafenan
2018-01-17 10.34.30, @cuez_emre ‏
2018-01-17 10.34.41, @perezhector1969 ‏ 
2018-01-17 10.34.41,Lillianhf8
2018-01-17 10.34.54,myslutstream
2018-01-17 10.34.57, @rastogi_sanchit ‏ 
2018-01-17 10.35.08,Ethelynykc
2018-01-17 10.35.10, @Annwise95332926 ‏
2018-01-17 10.35.24,IntInternetMktg
2018-01-17 10.35.27, @CachoErnesto ‏
2018-01-17 10.35.36, @gicikseyy ‏
2018-01-17 10.35.37,Lurlenepmv
2018-01-17 10.35.48, @AygnAlan ‏
2018-01-17 10.35.51,RockHardWeekend
2018-01-17 10.35.59, @seda_kaya_alkan ‏
2018-01-17 10.36.04,TiffanieHaak
2018-01-17 10.36.14, @BIGJOSONG ‏
2018-01-17 10.36.21,zmey7
2018-01-17 10.36.24, @zhouxihao ‏ 
2018-01-17 10.36.34, @johngoff5 ‏
2018-01-17 10.36.36,SEXY_FOR_LIFE
2018-01-17 10.36.47, @pedel55 ‏
2018-01-17 10.36.55,victoriamilanno
2018-01-17 10.37.00, @meltayl14235337 ‏ 
2018-01-17 10.37.24, @CookiePaul66 ‏
2018-01-17 10.38.54,@NmazZort 
2018-01-17 10.39.36,@liamM900 
2018-01-17 10.40.16,@DeaDZuDemEi 
2018-01-17 10.42.06,IbnyahyaZ
2018-01-17 10.42.34,seko1914ei
2018-01-17 10.43.13,Nelson48019439
2018-01-17 10.43.36,konteyner4
2018-01-17 10.44.36,Isuru221
2018-01-17 10.44.53,BelhassenBalti
2018-01-17 10.47.07,Rachel Roger
2018-01-17 10.48.25,@urii1997 
2018-01-17 10.49.31,@notaaround
2018-01-17 10.49.58,@atacatapata
2018-01-17 10.50.03,konteyner4
2018-01-17 10.50.25,@WeeRTooPx
2018-01-17 10.52.28,RebeccaWUvell
2018-01-17 10.53.18,@HarunKocaolu
2018-01-17 10.53.40,chef_kaash91
2018-01-17 10.54.09,tolgakuyumcu
2018-01-17 10.54.24,eminkaradeniz1
2018-01-17 10.54.46,jayearnest4u
2018-01-17 10.55.01,TinaAlsdorf
2018-01-17 10.55.22,evansaches63
2018-01-17 10.55.43,cmosby42
2018-01-17 10.56.04,DayO_oDreamer
2018-01-17 10.56.25,douglas23958838
2018-01-17 10.56.49,dahpowah
2018-01-17 10.56.38,dohnasko
2018-01-17 10.57.01,ditbal2
2018-01-17 10.57.15,mehmettelek
2018-01-17 10.57.40,naimkirmizi
2018-01-17 10.58.01,macroswyj_
2018-01-17 10.58.15,izzeurban
2018-01-17 10.58.22,@Blum1848
2018-01-17 10.58.28,el_toro19
2018-01-17 10.58.49,xilusiOnzZ
2018-01-17 10.59.00,ismet33992421
2018-01-17 10.59.04,kinkadecharlie
2018-01-17 10.59.37,prince_mohamm
2018-01-17 10.59.42,@NaviCf
2018-01-17 10.59.56,@ShalonClaudio
2018-01-17 10.59.57,jademillsom
2018-01-17 11.00.08,exdandy
2018-01-17 11.00.28,luxurymiami11
2018-01-17 11.00.42,3amoorih
2018-01-17 11.00.55,@AddeKarlssonn
2018-01-17 11.00.56,shyam3014
2018-01-17 11.01.09,@freecat70
2018-01-17 11.01.20,@kekedaydream
2018-01-17 11.01.20,sjlchapman80
2018-01-17 11.01.38,yolanda2002k
2018-01-17 11.01.47,@saritas_berkay0
2018-01-17 11.01.57,mony3ka
2018-01-17 11.02.17,trianapriede
2018-01-17 11.02.38,michael95138316
2018-01-17 11.02.58,bounerjulio
2018-01-17 11.03.09,aldave21
2018-01-17 11.03.24,rojanaparpal
2018-01-17 11.03.28,@Biizarr0
2018-01-17 11.03.35,pompiers2772
2018-01-17 11.03.55,@alpineb5
2018-01-17 11.04.11,zaimogludenizhn
2018-01-17 11.04.14,@Marco1795
2018-01-17 11.04.21,stevedighton
2018-01-17 11.04.23,@snowskatelax
2018-01-17 11.04.33,cruclan
2018-01-17 11.04.49,nikolina143
2018-01-17 11.05.04,taratitrite
2018-01-17 11.05.20,arzem07
2018-01-17 11.05.36,senolverenci
2018-01-17 11.05.50,nathan_franek
2018-01-17 11.06.18,hlomornik14
2018-01-17 11.06.28,arass1989
2018-01-17 11.06.42,spearmint215
2018-01-17 11.07.00,itstheweek3nd
2018-01-17 11.07.04,pinosaggio69
2018-01-17 11.07.11,@saritas_berkay0
2018-01-17 11.07.15,dani290985
2018-01-17 11.07.27,joyfull1971
2018-01-17 11.07.37,angho
2018-01-17 11.07.47,jain_ritika
2018-01-17 11.07.49,albertitogarso
2018-01-17 11.08.01,@facutricos6
2018-01-17 11.08.12,dkmtb2
2018-01-17 11.08.18,Mw3laban
2018-01-17 11.08.25,@gulenmustafaa
2018-01-17 11.08.26,williamalton17
2018-01-17 11.08.28,Oxydentical
2018-01-17 11.08.33,@silverdark2000
2018-01-17 11.08.41,@kanatowa
2018-01-17 11.08.49,caesar707
2018-01-17 11.08.50,@DanielHughson1
2018-01-17 11.08.52,@MrMovieG
2018-01-17 11.08.59,@leorrn4reg
2018-01-17 11.09.03,uzair119
2018-01-17 11.09.09,@missb520110
2018-01-17 11.09.15,shortyyss
2018-01-17 11.09.18,@JonathonOverby
2018-01-17 11.09.26,FlorianLe_boy
2018-01-17 11.09.26,@classisstar
2018-01-17 11.09.32,@hanif_fn
2018-01-17 11.09.37,@Pete91Pete
2018-01-17 11.09.48,@summersall
2018-01-17 11.09.49,c171f112c155405
2018-01-17 11.09.56,@husseinalborene
2018-01-17 11.10.00,Lelerinooo ‏
2018-01-17 11.10.03,happybaghe
2018-01-17 11.10.10,TimGoppinger ‏
2018-01-17 11.10.18,HZeoual ‏
2018-01-17 11.10.28,doctorkei23
2018-01-17 11.10.29,laude372 ‏
2018-01-17 11.10.39,wilbur_jack ‏
2018-01-17 11.10.42,mena2flavour
2018-01-17 11.10.48,MBenoit98 ‏
2018-01-17 11.10.56,GallardoCarla ‏
2018-01-17 11.10.57,aaditmehta22
2018-01-17 11.11.06,Lubi_siL ‏
2018-01-17 11.11.16,keganscott
2018-01-17 11.11.17,ViktorSetschins ‏
2018-01-17 11.14.13,@iSway
2018-01-17 11.14.15,CherryS56431552
2018-01-17 11.14.30,KatarinaBarling
2018-01-17 11.14.48,OrezzoHugo
2018-01-17 11.14.53,Amber Chandter @dudalcjs02 
2018-01-17 11.15.00,JustHomeAccent
2018-01-17 11.15.21,hamadagoodday
2018-01-17 11.15.41,delph6388
2018-01-17 11.16.04,denisel03467566
2018-01-17 11.16.19,BYoung3100
2018-01-17 11.16.40,MadhavNaidu85
2018-01-17 11.16.59,MichaelBarreto7
2018-01-17 11.17.12,domricitelli
2018-01-17 11.17.28,nehajay1701
2018-01-17 11.17.46,attiyasarwar16
2018-01-17 11.18.06,young_leighton
2018-01-17 11.18.19,YSooriya
2018-01-17 11.18.31,jenmarie2011
2018-01-17 11.18.42,mat93fox
2018-01-17 11.18.57,naeunmakeup
2018-01-17 11.19.07,dulal9999
2018-01-17 11.20.43,@bendezsolt94
2018-01-17 11.20.46,@nopieceforever
2018-01-17 11.22.19,yagermister11
2018-01-17 11.22.45,Ekooka
2018-01-17 11.24.15,@saritas_berkay0
2018-01-17 11.24.45,@cpt_nguyen
2018-01-17 11.25.03,@umitBERKANT
2018-01-17 11.25.12,@HarisKingsize
2018-01-17 11.25.16,h4x0rchE
2018-01-17 11.25.40,@facutricos6
2018-01-17 11.25.52,@qpqpqpq_pqpqpqp
2018-01-17 11.25.55,gabrieltp0110
2018-01-17 11.25.58,@joelroll
2018-01-17 11.26.01,@Shirethain
2018-01-17 11.26.05,@AdrianDeHaro
2018-01-17 11.26.20,@DownsSamuel
2018-01-17 11.26.30,@c3m3master
2018-01-17 11.26.33,@scriabin0813
2018-01-17 11.26.38,@DownsSamuel
2018-01-17 11.26.52,@trentondavis
2018-01-17 11.27.03,@raokanishk
2018-01-17 11.27.05,@azxcas1
2018-01-17 11.27.16,@Timotichorlesky
2018-01-17 11.27.35,@GuiPlay447_SaNs
2018-01-17 11.27.35,@AlexxV188
2018-01-17 11.27.35,@TanyaOberoi8
2018-01-17 11.27.52,@chelmix1
2018-01-17 11.27.59,@VarnitPatel
2018-01-17 11.28.14,@markkkiii
2018-01-17 11.28.23,@CamillaPoland
2018-01-17 11.28.31,@markkkiii
2018-01-17 11.28.47,@Chushkata
2018-01-17 11.29.04,@v8PMCY6WH6dM5FV
2018-01-17 11.29.05,@cristyseibel
2018-01-17 11.29.18,@muhameterdem123
2018-01-17 11.29.49,@ZGMtllXPXPMkDNL
2018-01-17 11.30.00,EminYuca
2018-01-17 11.30.18,Kimberly Blare
2018-01-17 11.30.32,@DelisaLewis
2018-01-17 11.32.49,@Coreycmc123
2018-01-17 11.33.11,@keeviinlds7
2018-01-17 11.34.50,@mundalanja9
2018-01-17 11.34.59,@BryontChristian
2018-01-17 11.35.17,@Yentl045
2018-01-17 11.35.32,@Nottz_Master
2018-01-17 11.36.41,@margarito_87
2018-01-17 11.38.13,Gasper35332604
2018-01-17 11.38.48,@Nosa55Miss 
2018-01-17 11.41.43,@RalSolano4
2018-01-17 11.42.14,@AshaEll73447454
2018-01-17 11.42.39,@yadabenialabil
2018-01-17 11.42.48,@EricaSh11691475
2018-01-17 11.44.24,@DominikHrd
2018-01-17 11.44.29,@danonexsga1970
2018-01-17 11.44.35,@BalabalaIris
2018-01-17 11.44.39,@katarzynkaa01
2018-01-17 11.44.41,@OutrageousNoark ‏
2018-01-17 11.44.45,@TrinitysGoddess
2018-01-17 11.46.12,@Mariha_Luvs_Yoo
2018-01-17 11.47.41,@Peterto_Peres
2018-01-17 11.48.47,@WillieHeisig
2018-01-17 11.49.28,@Des_Destruction
2018-01-17 11.50.34, @Emerson_George 
2018-01-17 11.51.25,@PrzemekMartynie
2018-01-17 11.51.36,@gabbe108 
2018-01-17 11.51.45,@Bobbypinzzz
2018-01-17 11.54.38,@abraham_lu
2018-01-17 11.55.13,@newjackcitty
2018-01-17 12.00.50,@fieringkilo1987
2018-01-17 12.02.12,@Greedbr 
2018-01-17 12.03.03,@delimasali
2018-01-17 12.04.30,lindstromsofia
2018-01-17 12.05.25,@maxgamache23 ‏
2018-01-17 12.05.56,Samet6738
2018-01-17 12.06.17,@fastcome
2018-01-17 12.06.27,@neehraa
2018-01-17 12.06.36,@astik344
2018-01-17 12.06.47,@Horrach_97
2018-01-17 12.06.56,@DavisEkreach663
2018-01-17 12.06.57,@samodop
2018-01-17 12.07.06,@fersim
2018-01-17 12.07.08,@lee_crawford
2018-01-17 12.07.16,@Nosa55Miss
2018-01-17 12.07.26,@nave2401021
2018-01-17 12.09.14,@zunern
2018-01-17 12.09.39,@Wvilliamm
2018-01-17 12.09.59,@SaikoCatto
2018-01-17 12.10.18, @Jonny40381084 ‏
2018-01-17 12.11.07,1997Almada
2018-01-17 12.11.59,@willyzer75019
2018-01-17 12.12.13,@x_vivan
2018-01-17 12.12.56,@NicholasZorzi
2018-01-17 12.13.16,@kiki19990212
2018-01-17 12.13.42,@RosarioTobeaAra
2018-01-17 12.14.00,@cubizzzz
2018-01-17 12.14.18,@onderturkmenn
2018-01-17 12.14.37, @lemedvedev ‏
2018-01-17 12.15.16,@lisa_forss
2018-01-17 12.17.07,@minsu_Seo 
2018-01-17 12.17.10,Jeanette Audley @deimprentamz   Sylvia Addington @dworuus   Hen Party Stripper @hen_stripper   Emilia Krunić @EmiliaKrunic   sly981 @_sly981_   Dj Fredde Virtanen @Finsksisu   Dirtysnopp @dirtysnopp1   Estela @Estelajp7   UcHiKoOoO) @UchichVikoo   Martha Bootman @NenaPavota   Loretta Bargeman @Sopinhas69   Danielle Ramacey @luciamartinatto   Alexandra Russel @PixeliseGame   @svenskprepper @svenskprepper    💋Freya Fantasia @Freya_Fantasia   Egor Putilov @EgorPutilov   Louise Stanley @JustinBo23   Debra Day @LefeverY   Esther Dodson @TiphanieParisy   Stacey Hoggarth @BubbaPowers2000   Paula Bush @smb4242   Betty Wainwright @cmcmarquez   Audrey Raleigh @VineyJosh   Wanda Morrison @araykari   Carla Garrison @navarrociclos   Roman Ivanov @romix1981   Amy Backer @daniyoes   Patricia Mackenzie @luzchinchurreta   Debra Michaelson @sweetie_510   Lisa Flannagan @EmmaKardaJohan   Heather Boyd @HeatherBoyd43   Jill Palmer @hgisick   Bonnie Barnes @FreddySentenza   CLUEZ @cluefinderz   Cynthia Gilson @noruto_tr   Dr Ta Magochi @DrTaMagochi
2018-01-17 12.17.57,@genase987
2018-01-17 12.18.22,@BakaFlocka
2018-01-17 12.19.22,@kahjin1807 ‏
2018-01-17 12.23.37,SimonsPhilippe
2018-01-17 12.25.43,@Iaurenjanis @BreeDouglas5 @SusanLo72234025 @_Queenie_Marii_ @Psy_Du_@Nathanzero @jdrehsen9 @omarfrancis10 @SandraAlieen @ibarra_angulo@CMatematika @LunasLovelyStar @RadoslavGeorg10 @insr10361 @DarioPapa_ @JIOIIIAPUK @93Jojojo93 @ButtoxQT @rexan5780691 @Ankitrawat27 @mightharis @GOGODRING @raoulz82 @nayzethh_ @ShortyySs @mariuspinard @dadux12 @MidwestTapes @patelhm2000 @Lulualabduljale @rjosephjames @K9_chic  
2018-01-17 12.27.32,@FabLouSan11111
2018-01-17 12.28.19,@vbjoerklund
2018-01-17 12.28.38,@MelissaMmedrano
2018-01-17 12.28.50,@Cenepero
2018-01-17 12.31.01,@talyiajodie
2018-01-17 12.32.46,Jean Braddhaw och Kristin Allford
2018-01-17 12.34.11,Rings81
2018-01-17 12.34.28,@ismlem
2018-01-17 12.34.39,@CrisisWalker1
2018-01-17 12.35.42,@xJinHong
2018-01-17 12.36.47,cosgrove_lover7
2018-01-17 12.37.03,@patelhm2000
2018-01-17 12.37.40,@StonerDilemas ‏
2018-01-17 12.38.25,@BryanOn81751167
2018-01-17 12.40.05,@osoyyol
2018-01-17 12.40.09,drw81958
2018-01-17 12.45.23,YigitDulger
2018-01-17 12.48.17,ELITE_GAMER_176
2018-01-17 12.48.33,@MrScandalous55
2018-01-17 12.48.46,sgmoon36
2018-01-17 12.48.54,@Dr_Denouement
2018-01-17 12.49.09,caseydod
2018-01-17 12.49.13,@jackduppbond
2018-01-17 12.49.35,@DanieleCesc10
2018-01-17 12.49.36,suamocidul1989
2018-01-17 12.50.00,@deejay_drumz
2018-01-17 12.50.24,@RakoParlev
2018-01-17 12.50.36,viper56ee
2018-01-17 12.50.51,Sephiroth5150
2018-01-17 12.50.56,@StonedWright
2018-01-17 12.51.15,@Matiasnasr
2018-01-17 12.51.44,@_beaudoinl_
2018-01-17 12.52.05,@Paranormaali
2018-01-17 12.58.57,@RainoneJeannine
2018-01-17 12.58.59,Heather Oldridge
2018-01-17 12.59.34,@stuivanlav
2018-01-17 13.00.34,Victoria Conors
2018-01-17 13.01.25,Katie Gardner
2018-01-17 13.02.33,Esther Nevill
2018-01-17 13.03.39,Marie Finch
2018-01-17 13.06.21,@mysirrman
2018-01-17 13.07.44,@fjfjsjssn
2018-01-17 13.09.34,@carenkau
2018-01-17 13.13.51,@soheldastan
2018-01-17 13.14.00,@Beibei530
2018-01-17 13.14.03,@SONG4241
2018-01-17 13.14.46,@ProudMom62209
2018-01-17 13.16.09,@Brittany31021
2018-01-17 13.16.33,@rolazzzo384384
2018-01-17 13.17.19,@CMMelara
2018-01-17 13.18.12,@M33MMAN
2018-01-17 13.19.01,@amanda123451234
2018-01-17 13.20.32,@nick_tegle
2018-01-17 13.19.48,@herndon47
2018-01-17 13.29.18,@catalin_68
2018-01-17 13.36.34,Jessica06145578
2018-01-17 13.38.00,mccanaman
2018-01-17 13.38.25,dennizthewolf
2018-01-17 13.39.31,anthony_porco13
2018-01-17 13.42.07,felipesk2
2018-01-17 13.44.17,Jean Taylor@KevinKupervaser
2018-01-17 13.45.12,Janet Vaughan
2018-01-17 13.45.31,Lisa pass
2018-01-17 13.45.35,Alana Ferguson@jmpatri1
2018-01-17 13.46.43,Julia Wifkinson@Ragnhild91
2018-01-17 13.48.17,imfunzalum1984
2018-01-17 13.48.23,imfunzalum1984
2018-01-17 13.48.24,Rachel Ogden@MasterRiskData2
2018-01-17 13.49.06,SarahPullar
2018-01-17 13.49.44,HackerGameBySUN
2018-01-17 13.49.49,vinnydo420
2018-01-17 13.50.21,zdaee
2018-01-17 13.50.29,derihs
2018-01-17 13.51.11,2aeb3bfbf0a249e
2018-01-17 13.51.20,@toppenkille
2018-01-17 13.51.37,@kaptenskojare
2018-01-17 13.52.53,@jistanes
2018-01-17 13.53.01,@dekaminski
2018-01-17 13.53.08,BulkVanderhuge
2018-01-17 13.53.09,@glasskamp
2018-01-17 13.54.17,@j_linda_t
2018-01-17 13.55.09,@niklassvensson
2018-01-17 13.59.29,Stephen11770942 ‏
2018-01-17 13.59.30,@TDub72734 ‏ 
2018-01-17 13.59.45,@CMMelara ‏ 
2018-01-17 13.59.53,rootn09 ‏
2018-01-17 14.00.05,@binho_fidelis ‏ 
2018-01-17 14.00.11,moralito308 ‏
2018-01-17 14.00.22,@Conaxmetal15 ‏
2018-01-17 14.00.31,25Curcuna ‏
2018-01-17 14.00.36,@schettzofren
2018-01-17 14.00.46,StecMike ‏
2018-01-17 14.00.47,@toppenkille
2018-01-17 14.01.00,tzatziki80
2018-01-17 14.01.04,marcelo1857 ‏
2018-01-17 14.01.22,tlight85 ‏ 
2018-01-17 14.01.40,DavidGriff1210 ‏ 
2018-01-17 14.01.41,@malinmichea
2018-01-17 14.02.50,viktorbanke
2018-01-17 14.02.54,viktorbanke
2018-01-17 14.02.58,viktorbanke
2018-01-17 14.03.02,viktorbanke
2018-01-17 14.03.12,roevsmoer
2018-01-17 14.03.19,remidjen
2018-01-17 14.08.22,@drorg83
2018-01-17 14.09.08,viktorbanke
2018-01-17 14.09.11,@mrvagfart
2018-01-17 14.09.32,@Blairwi28114536
2018-01-17 14.09.40,@az2296588
2018-01-17 14.11.58,viktorbanke
2018-01-17 14.12.56,Brittany Gardner (@hledet45)
2018-01-17 14.14.24,Christine Foster (@maddi366)
2018-01-17 14.15.58,Sara Brown (@kangdanielpink)
2018-01-17 14.17.26,Michele Owen (@Renjirenjithkr)
2018-01-17 14.17.36,@mayscatanhe1989
2018-01-17 14.18.31,Laura Evans (@Georgetown32)
2018-01-17 14.22.27,@connor9853
2018-01-17 14.23.07,@kobeykurono
2018-01-17 14.23.24,@andre_fanelli
2018-01-17 14.23.34,@sapelito
2018-01-17 14.23.49,@dead_hacker
2018-01-17 14.24.16,@aldo33063042
2018-01-17 14.29.05,Lucille Fane (@DawnDawnjames4)
2018-01-17 14.30.16,Edith Otis (@charliepetkovic)
2018-01-17 14.31.25,Victoria Roberts (@TanmayS84288011)
2018-01-17 14.33.09,Sherry Harrison (@satyaharisuchi)
2018-01-17 14.33.23,Cmack3333
2018-01-17 14.34.30,Chrisoto92
2018-01-17 14.34.12,Rockbeast81
2018-01-17 14.34.50,lKaratzu
2018-01-17 14.35.08,@Cartoon_Cheppae
2018-01-17 14.35.24,@kaidynkillz3
2018-01-17 14.35.38,@Firkasel
2018-01-17 14.36.10,@20trois 
2018-01-17 14.36.52,SalmanGujjar
2018-01-17 14.38.27,RonenMrYYYY
2018-01-17 14.39.10,MCPAN
2018-01-17 14.47.16,larrykeener123
2018-01-17 14.47.24,furkansumar
2018-01-17 14.47.40,mastermik99
2018-01-17 14.47.48,Marksman0_2
2018-01-17 14.47.56,ringngngng
2018-01-17 14.48.05,somerwatts
2018-01-17 14.48.12,khateebhosam
2018-01-17 14.48.21,RichardUkkan
2018-01-17 14.48.29,thestudiomess
2018-01-17 14.48.35,Effihorsky
2018-01-17 14.48.41,RLahady
2018-01-17 14.48.47,lucyyou2
2018-01-17 14.49.05,lucyyou2
2018-01-17 14.49.11,rseco15
2018-01-17 14.49.19,SenBunsei
2018-01-17 14.49.27,giang9101
2018-01-17 14.49.33,eres_un_bulto
2018-01-17 14.49.43,_matheuzinho30_
2018-01-17 14.49.49,99_razdan
2018-01-17 14.49.55,jjdrifter5
2018-01-17 14.50.00,Adriclan
2018-01-17 14.50.09,gaganfun
2018-01-17 14.50.18,ilariaserafini
2018-01-17 14.50.31,HaSmile15
2018-01-17 14.50.24,shyro12
2018-01-17 14.50.41,ilbloggatore
2018-01-17 14.50.59,EmilydLove
2018-01-17 14.50.49,red_sharpie
2018-01-17 14.51.19,AngelaNeale3
2018-01-17 14.51.27,calvomanu221
2018-01-17 14.51.34,piotrcr
2018-01-17 14.51.40,fuenmaria4
2018-01-17 14.51.47,NICKSKULL
2018-01-17 14.51.56,jackie9631
2018-01-17 14.52.03,Galabrurich
2018-01-17 14.52.11,SXE4533
2018-01-17 14.52.20,AlxndrEvan
2018-01-17 14.52.27,muratdursun44
2018-01-17 14.55.55,@87tattoo
2018-01-17 14.56.20,@stacy7331
2018-01-17 14.56.39,@phillippeshuler
2018-01-17 14.56.58,@farmer44
2018-01-17 14.57.21,@relaxgonuts94
2018-01-17 14.57.40,@snipingEA
2018-01-17 14.57.58,@Fujilalaland
2018-01-17 14.58.20,@alex_aschenbach
2018-01-17 14.58.49,@Kyle_anthony99
2018-01-17 14.58.52,Brittan74280418
2018-01-17 14.59.19,Rattlekill3r
2018-01-17 14.59.47,Leejoon2001
2018-01-17 14.59.51,@mokhtar04178402
2018-01-17 15.00.05,Akanerfurkan
2018-01-17 15.00.17,@alex_aschenbach
2018-01-17 15.00.47,@ANDERM43
2018-01-17 15.01.29,@snipingEA
2018-01-17 15.01.40,@joaodefreitas20
2018-01-17 15.02.15,@HumbertoPiccolo
2018-01-17 15.01.58,@TeehOutsider
2018-01-17 15.02.36,@farmer44
2018-01-17 15.02.50,@GonaloMartins5
2018-01-17 15.02.54,@stacy7331
2018-01-17 15.03.17,@Kyle_anthony99
2018-01-17 15.03.18,@DarkShadow0147
2018-01-17 15.03.39,@Dpbalba
2018-01-17 15.03.39,@FranciscaSobar3
2018-01-17 15.03.54,@mrjaycash
2018-01-17 15.03.59,@VaheTheVahe
2018-01-17 15.04.11,@PikachuGamerXD
2018-01-17 15.04.26,@Fujilalaland
2018-01-17 15.04.55,@relaxgonuts94
2018-01-17 15.05.03,hkc_76
2018-01-17 15.05.31,@phillippeshuler
2018-01-17 15.06.09,@87tattoo
2018-01-17 15.06.56,SousouBenZaied
2018-01-17 15.07.20,ErsinAYDEMR
2018-01-17 15.13.39,@saasdsad2
2018-01-17 15.14.18,@napolitanodavid
2018-01-17 15.15.01,@kirill01999
2018-01-17 15.15.37,@Tom26639796
2018-01-17 15.16.14,@McGayGay
2018-01-17 15.18.38,Timeris90Warloc
2018-01-17 15.22.09,NeatBenner
2018-01-17 15.22.56,NoahBessier
2018-01-17 15.23.20,silkenheart
2018-01-17 15.25.05,@luiza1969
2018-01-17 15.26.22,@Benn0rs ‏
2018-01-17 15.29.15,@szilvix8
2018-01-17 15.33.54,ec92911
2018-01-17 15.35.16,M33MMANPdlm
2018-01-17 15.35.44,williamaltez
2018-01-17 15.36.37,LordMord86
2018-01-17 15.36.52,HardeepChung
2018-01-17 15.38.45,@HackergamebySUN
2018-01-17 15.37.15,@andreasleier1
2018-01-17 15.39.43,@maaharaujoh
2018-01-17 15.40.20,@chri5c38
2018-01-17 15.40.52,@denatt093
2018-01-17 15.48.26,muratyl49821166
2018-01-17 15.48.16,SamFareed1
2018-01-17 15.48.38,surbhidongle
2018-01-17 15.48.49,nokyalumya
2018-01-17 15.48.59,MumuItalia
2018-01-17 15.49.20,paplham
2018-01-17 15.49.09,Samme98Bartoxzz
2018-01-17 15.49.30,carina262626
2018-01-17 15.49.51,ChristianDeguar
2018-01-17 15.49.40,diddbaldiddbal
2018-01-17 16.14.46,GEOFFELWELL 
2018-01-17 16.16.28,@hnmnnnggggg1
2018-01-17 16.23.28,@aizy321
2018-01-17 16.23.37,@nicekz
2018-01-17 16.23.46,@EarthyBrand
2018-01-17 16.25.03,@anjavandijk17 => 348107868
2018-01-17 16.25.29,@Sick69Love
2018-01-17 16.25.46,@OfficalOPPanda
2018-01-17 16.25.55,@lizziewilsonn
2018-01-17 16.26.03,@thevill84
2018-01-17 16.26.08,@daveywilliamsjr => 1074063618
2018-01-17 16.26.13,@kylie_ludahl
2018-01-17 16.26.23,@thorstenwischn1
2018-01-17 16.26.30,@Uncle_Ginge
2018-01-17 16.26.42,@HairSafari1
2018-01-17 16.27.44,Irene Kirk @Lemni5cate
2018-01-17 16.27.52,@jqbwx => 524994970
2018-01-17 16.28.07,Kennedy Cooper @nikowteci1972
2018-01-17 16.28.32,@satishk91118978 => 823520026653261825
2018-01-17 16.28.34,Rebecca Gilmore @AashishGautam99
2018-01-17 16.33.06,@Womeck
2018-01-17 16.33.06, @AndreaAndrea584
2018-01-17 16.35.57,@zhelan1234
2018-01-17 16.34.27,@tom_marins
2018-01-17 16.36.08,@JohnPPelly
2018-01-17 16.36.20,@CodyS20565775
2018-01-17 16.37.47,@Yesseni44543631
2018-01-17 16.38.33,@Diablo232323
2018-01-17 16.39.22,@Amudio2
2018-01-17 16.39.32,@GarciaWilly16
2018-01-17 16.43.35,@FonsvanErp
2018-01-17 16.43.54,VanessaCanals
2018-01-17 16.44.12,helloabcd1
2018-01-17 16.44.28,nicolega24
2018-01-17 16.44.57,saniadhirwani92
2018-01-17 16.45.09,pepinrules
2018-01-17 16.45.19,@puglia_foods
2018-01-17 16.45.32,ravisin12034781
2018-01-17 16.45.45,realritz7
2018-01-17 16.45.59,_netitoo
2018-01-17 16.46.23,X_tadeu
2018-01-17 16.46.40,teacafetea
2018-01-17 16.46.48,@Namangandhi3
2018-01-17 16.46.58,@CT1953
2018-01-17 16.47.01,hayomynameis
2018-01-17 16.47.36,tomclaytonn
2018-01-17 16.47.18,myheadisacrazy
2018-01-17 16.47.55,ads_2s
2018-01-17 16.48.16,ilkerso34
2018-01-17 16.49.26,vijayalakshmir1
2018-01-17 16.49.37,lachilig
2018-01-17 16.49.49,garciajp2
2018-01-17 16.50.00,achakkare
2018-01-17 16.51.38,@Racce3
2018-01-17 16.51.47,@NAkutteh
2018-01-17 16.51.55,@Samid02Dietz
2018-01-17 16.52.04,@LoocrazyK
2018-01-17 16.52.13,@petraglyph76
2018-01-17 16.53.27,@mastakillah15
2018-01-17 16.54.11,@KagamineNight
2018-01-17 16.57.06,@BabyGirl1186
2018-01-17 16.58.19,@Nickoiiii
2018-01-17 16.58.49,@GreenMCGamer
2018-01-17 17.00.07,MetazonCreation
2018-01-17 17.00.35,Cshelf2
2018-01-17 17.01.28,@MstrBill48
2018-01-17 17.02.05,@HaganCole
2018-01-17 17.01.51,alexiskdo
2018-01-17 17.01.58,@TimRehmat
2018-01-17 17.02.11,@TamraB
2018-01-17 17.02.17,Dad_jokes101
2018-01-17 17.02.22,@colbertnita69 ‏
2018-01-17 17.02.28,ByriSurendra
2018-01-17 17.02.44,@lajessz ‏ 
2018-01-17 17.02.54,yagmurdoyuk
2018-01-17 17.03.04,@ThemasterlolYT ‏
2018-01-17 17.03.02,Bustamantebuses
2018-01-17 17.03.06,@jean_visoski
2018-01-17 17.03.17,@Cameron53329988
2018-01-17 17.03.23,@_MrRedemo_ ‏
2018-01-17 17.03.39,fruscinatism
2018-01-17 17.03.42,Zalfdl
2018-01-17 17.04.01,Exodusace
2018-01-17 17.04.06,mullah_karim
2018-01-17 17.04.36,Jasminramos994
2018-01-17 17.05.04,AyshvryA
2018-01-17 17.05.09,GiotasTasos
2018-01-17 17.05.26,@jencobr ‏
2018-01-17 17.09.05,elwolfo73
2018-01-17 17.09.41,JoannTall
2018-01-17 17.09.45,Dorothy Farrell@Cenxsauravabarua
2018-01-17 17.10.16,JaimeLanisterr
2018-01-17 17.10.48,1923kunyia
2018-01-17 17.11.07,Helena Winter@mmonteiro84
2018-01-17 17.11.25,Lyfengxiang
2018-01-17 17.11.26,@14WTFGaming
2018-01-17 17.11.58,nikkit413
2018-01-17 17.11.59,@gpsruler1 ‏ 
2018-01-17 17.12.17,@DjGhostWriter
2018-01-17 17.12.18,@EVillarreal14 ‏
2018-01-17 17.12.26,@rifat4545
2018-01-17 17.12.26,Shujat11
2018-01-17 17.12.53,@federf11
2018-01-17 17.13.08,MERLEDAVID1
2018-01-17 17.13.23,@nathanael_oo
2018-01-17 17.13.52,Laura Foster@mouse312
2018-01-17 17.14.08,@Robinzimmerman1
2018-01-17 17.15.16,@DumitreanE
2018-01-17 17.15.46,tashghazi
2018-01-17 17.16.03,BouhafsKing
2018-01-17 17.16.46,Lilliana1677
2018-01-17 17.16.24,DBorfiga
2018-01-17 17.17.02,mlfcj85
2018-01-17 17.18.13,@crack_joe
2018-01-17 17.18.21,AliciaR57968613
2018-01-17 17.18.46,_skiik
2018-01-17 17.19.21,@hawkie47
2018-01-17 17.19.30,@leahgolden06
2018-01-17 17.19.40,@TeenageDream1YM
2018-01-17 17.19.48,@nave2401021
2018-01-17 17.19.58,@BuledJR_18
2018-01-17 17.20.02,Jun_Kai15
2018-01-17 17.20.05,@SinaiSamson
2018-01-17 17.20.19,LiamThompsson98
2018-01-17 17.20.17,@RuliMere
2018-01-17 17.20.25,@mommymarieee
2018-01-17 17.20.30,CMarylu1981
2018-01-17 17.20.51,loliconmk2
2018-01-17 17.20.34,@WarnerSings
2018-01-17 17.21.02,HarisKingsize
2018-01-17 17.21.17,@Skylordwolf
2018-01-17 17.21.27,VaheTheVahe
2018-01-17 17.22.03,@roccoZachary
2018-01-17 17.22.32,@auguaonyegbula
2018-01-17 17.23.34,@KagamineNight
2018-01-17 17.23.59,333_pipe
2018-01-17 17.24.16,@_NuNeSsS
2018-01-17 17.26.07,Josefrikiotaku 
2018-01-17 17.26.47,@matthieupicard1
2018-01-17 17.27.19,@AndreeaMandy ‏ 
2018-01-17 17.27.21,@capi790
2018-01-17 17.27.31,@TruePapi
2018-01-17 17.27.40,@SNIF83
2018-01-17 17.27.48,@JanNmec3
2018-01-17 17.28.00,@ATFCFarrier
2018-01-17 17.28.10,@buttuzma1
2018-01-17 17.28.19,@Bielorlando_
2018-01-17 17.28.27,@kF8wNFic3mmyDV8
2018-01-17 17.28.36,@ben68140
2018-01-17 17.28.38,@StonyComet
2018-01-17 17.29.01,@admiester11
2018-01-17 17.29.19,@ec92911
2018-01-17 17.29.33,mikesmi55395057
2018-01-17 17.29.37,@chickennuggero
2018-01-17 17.29.51,@DonevaElena
2018-01-17 17.29.53,trespasser2
2018-01-17 17.30.06,tiagof011
2018-01-17 17.30.07,@Ghadbmisr
2018-01-17 17.30.25,@callgirlgurgao1
2018-01-17 17.30.45,@Battlefield3DE
2018-01-17 17.31.02,@longolucco
2018-01-17 17.31.06,@StorMyyYT
2018-01-17 17.31.22,@Ricardo512
2018-01-17 17.31.41,@Chris_Zyk
2018-01-17 17.31.48,@Liam_Mclachlan
2018-01-17 17.31.57,@DavidPastilha
2018-01-17 17.32.12,JoshRoble
2018-01-17 17.32.20,@shop_enjoy
2018-01-17 17.32.20,@q2687239
2018-01-17 17.32.45,@BrawGamer
2018-01-17 17.32.46,@Cmacrackin
2018-01-17 17.33.08,@TrickySlays
2018-01-17 17.33.44,@NANOU5905
2018-01-17 17.34.48,@AlexRamirezELDJ
2018-01-17 17.35.33,@Scoccil
2018-01-17 17.35.43,SANTYYYYYYYYY
2018-01-17 17.35.53,@chrisshane2
2018-01-17 17.36.03,shaytherandom
2018-01-17 17.37.06,_nathaliehj_
2018-01-17 17.37.11,@aetroborn111
2018-01-17 17.37.21,@hanialkadi1
2018-01-17 17.39.24,@a89651212
2018-01-17 17.39.25,Stacey Custman @FrankHarveyHall
2018-01-17 17.39.36,atacatapata
2018-01-17 17.39.57,gunter66203
2018-01-17 17.40.24,popotiselgam
2018-01-17 17.40.39,mrfuka
2018-01-17 17.41.23,a1872787196
2018-01-17 17.41.36,@hharan614 
2018-01-17 17.41.43,@sav522
2018-01-17 17.42.35,@alson69
2018-01-17 17.43.12,@mengmeng21
2018-01-17 17.43.47,@dashoonen
2018-01-17 17.43.56,@BabyGirl1186
2018-01-17 17.44.09,"aziz_volume_5, faithmohammed, akisool, CostageraldoH, bentennyssteel3"
2018-01-17 17.44.56,@merledavid1
2018-01-17 17.45.09,@fiaschini98
2018-01-17 17.46.11,@tiagof011
2018-01-17 17.46.12,@stephanie_joson
2018-01-17 17.46.16,@john_rarch
2018-01-17 17.46.22,@Country_Angel00
2018-01-17 17.48.19,@jack_mustu
2018-01-17 17.48.26,@kitender
2018-01-17 17.48.48,kirby_lizzy
2018-01-17 17.48.56,@tiinalovexd
2018-01-17 17.49.02,kasjdajsdj
2018-01-17 17.49.15,sagittarius2pk
2018-01-17 17.49.33,@ak8561811
2018-01-17 17.49.36,a89651212
2018-01-17 17.49.47,@mrbilhar
2018-01-17 17.49.50,flavioluisribei
2018-01-17 17.50.01,@jhyftyfuyfhvuyf
2018-01-17 17.50.05,ManiacKnight_
2018-01-17 17.50.10,@sty0930830809
2018-01-17 17.50.18,AgathaMelda
2018-01-17 17.50.30,@navarrociclos
2018-01-17 17.50.41,sapletio
2018-01-17 17.50.42,@TanyaMarin
2018-01-17 17.50.54,onexxxxxpiece
2018-01-17 17.51.00,@hilltabulohan
2018-01-17 17.51.07,mastakillah15
2018-01-17 17.51.19,justinp18579298
2018-01-17 17.51.29,jayw767
2018-01-17 17.52.01,@ilie_ilie28 
2018-01-17 17.55.05,eason1025
2018-01-17 17.56.00,@FEILEI1
2018-01-17 17.56.54,@ys22762 och @JonesMark01
2018-01-17 17.59.10,ATIMPOSSIBLE
2018-01-17 17.59.30,Daorinida
2018-01-17 17.59.53,twtw5208
2018-01-17 17.59.53,madelinettes
2018-01-17 18.03.16,Joanna Simpsson@mengmeng21
2018-01-17 18.04.12,https://twitter.com/amandine170402
2018-01-17 18.04.29,amandine170402
2018-01-17 18.05.16,Faith Durham@WAZUP55261786
2018-01-17 18.05.59,matty_mccabe1
2018-01-17 18.06.20,@dirtydseries
2018-01-17 18.07.12,@zxc258654 ‏ 
2018-01-17 18.07.27,@klosssoph ‏
2018-01-17 18.08.17,@lraifiw
2018-01-17 18.08.45,Pat Little @OmegaBigBoss
2018-01-17 18.08.51,@Setwut_songsong
2018-01-17 18.09.13,deidrevining
2018-01-17 18.09.19,@MARTOGthe13
2018-01-17 18.09.22,JanikStraub ‏
2018-01-17 18.09.36,Sylvia594267 ‏ 
2018-01-17 18.09.57,fischerpartner6 ‏
2018-01-17 18.10.10,ipanters02 ‏ 
2018-01-17 18.10.50,Dorothy Davidson
2018-01-17 18.11.39,Beverly Enderson
2018-01-17 18.13.13,zPaiNZz
2018-01-17 18.14.11,nextstar20
2018-01-17 18.17.09,@mk5441700
2018-01-17 18.17.55,@oussamaaboutika
2018-01-17 18.19.11,@ken2y24
2018-01-17 18.20.03,@blueyewook
2018-01-17 18.20.19,@path_connect
2018-01-17 18.28.26,ijazhus03444772
2018-01-17 18.29.36,@anselmorenfe1
2018-01-17 18.30.10,@Shahnawazmaya ‏
2018-01-17 18.30.14,@ak8561811
2018-01-17 18.31.02,LeeXW106
2018-01-17 18.31.38,@lubo74868759 
2018-01-17 18.32.07,@SandyRavageNg 
2018-01-17 18.33.18,JelloQueen
2018-01-17 18.34.09,AngelouieXianne
2018-01-17 18.34.14,@VitorRafael6634   Beatrice Charlson @BANDI41620324   L.Sunksson @sunkmarksson   ha de @hade13760599   Lois Sheldon @ZeroExam00   DissiDenter @dissidenter   Bernice Arthurs @DaddyDigiorno   LENINGRAD @otkaznik   Marina @Marina45545   Jeanne Milton @RhSwair   Yvonne Paterson @FamilleMimine   Delores Miller @noteck23   Phyllis Farmer @SraSinrisa   Vera Blomfield @superqueenz   Tammy Jacobson @JakNaUspech   Vera Oldman @PlayingTeemo   Tonya Young @AngryEvilAlien   Judith Simpson @brandy0091   Janet Atcheson @ehobaughrealtor   Eliza Jerome @johndoe_00   Ashley Wallace @snoopydevil2000   Susan Bradshaw @Madhatter5678   Marilyn Ellington @D123reddy   Ulla Nilsson @UllaBNilsson   Joyce Laird @ladyasano   Agnes Allford @evansanchez63   Laura Kennett @DhatBoy_Xae23   Annie Garrison @Lulikronhaus   Janet MacAdam @AlvarodeSousa3   Teresa Carey @CinziaCivale1   Marie Blomfield @patriziamorasso   Lucille Berrington @Cibele88886697   Beverly Austin @RODRIGOMENDESDJ   Eva Alsopp @stock66285662   Cheryl Clapton @gogodaek21   Christina Fitzgerald @Tru3_sport   Deborah Keat @Gurung77prince   Elizabeth Audley @xuqian0725   Pamela Stephen @BiebersugerKuk   June Smith @AsiansRSexii   Kristin Howard @Brady_Reams   Alana Gustman @Equipo_Negro   Jessie Oldman @arnelliss
2018-01-17 18.34.44,ZoRRo_WaR
2018-01-17 18.34.45,@tylermichh
2018-01-17 18.35.01,mdavid87
2018-01-17 18.35.07,@Tru3_sport
2018-01-17 18.35.09,recep_kl
2018-01-17 18.35.16,hyugaAmuro
2018-01-17 18.35.25,ada_oglu
2018-01-17 18.35.33,@FloriKrolop
2018-01-17 18.35.34,chak2077
2018-01-17 18.37.18,@Urrustieta6Leon
2018-01-17 18.37.48,@murmasius
2018-01-17 18.38.40,@The1Hansen 
2018-01-17 18.39.14,@massimilianon16
2018-01-17 18.42.18,@MathaboThaele
2018-01-17 18.42.34,@W_Ruan
2018-01-17 18.42.49,@amazing217
2018-01-17 18.43.09,@XxCateyeZxX
2018-01-17 18.43.17,@inter964566
2018-01-17 18.43.30,@carolsantorom
2018-01-17 18.43.44,@reisch_lumani
2018-01-17 18.43.54,@FedeNegro2010 ‏
2018-01-17 18.43.57,@twit712
2018-01-17 18.44.15,@WeedStefanie ‏ 
2018-01-17 18.44.33,@MonicaVKhade ‏ 
2018-01-17 18.44.51,@hadi_rakhshani ‏ 
2018-01-17 18.46.40,Hwantinn
2018-01-17 18.46.41,@MathaboThaele
2018-01-17 18.47.39,@BradleyMurphy10 
2018-01-17 18.50.03,@AungHei37871071
2018-01-17 18.52.02,@sheahossler02
2018-01-17 18.52.10,@witchybtch
2018-01-17 18.54.26, Doris Fulton @bhola_dhar 
2018-01-17 18.57.41,dumb_fuck27
2018-01-17 18.58.44,@Kynslee_5 ‏ 
2018-01-17 18.59.04,@DiegoTauber ‏ 
2018-01-17 18.59.15,@ValeValx ‏ 
2018-01-17 19.00.28,Kaci garcia
2018-01-17 19.00.53,pollyhawk
2018-01-17 19.04.18,@ShredLongBeach
2018-01-17 19.05.20,@jmcmilli
2018-01-17 19.05.57,@Vest23
2018-01-17 19.06.10,@cynthiawillia29
2018-01-17 19.07.22,@2121Messi
2018-01-17 19.08.19,JoshArthurSEX
2018-01-17 19.10.16,woodruff64
2018-01-17 19.10.34,FiddleBallz
2018-01-17 19.10.50,CalebsMenswear
2018-01-17 19.11.09,@CoolBeansReload 
2018-01-17 19.14.59,pkoutsouklakis
2018-01-17 19.16.10,@DboraBrun1
2018-01-17 19.18.33,@AudreyABeck 
2018-01-17 19.19.03,@TedPurnell
2018-01-17 19.19.33,@Viri_Rosales 
2018-01-17 19.20.14,Hammondethan123
2018-01-17 19.20.38,@matiassere
2018-01-17 19.28.30,@arnob38
2018-01-17 19.28.35,Mz2Reddbone_jas
2018-01-17 19.29.10,@clara_jacquet
2018-01-17 19.29.50,@joey_crisafulli
2018-01-17 19.30.28,@tonyoynornt1
2018-01-17 19.31.17,@SUPERDINERO13
2018-01-17 19.31.37,@jcparrenyo
2018-01-17 19.31.46,@rohitmehta7481
2018-01-17 19.32.00,@Tonyanimateur ‏
2018-01-17 19.32.18,@mrjaycash ‏
2018-01-17 19.32.25,@Friskiiez 
2018-01-17 19.32.36,@jinzors
2018-01-17 19.33.09,@CinChicho
2018-01-17 19.33.17,Charlene Lamberts (@tim051179)
2018-01-17 19.33.50,@LaLopez985 ‏ 
2018-01-17 19.33.55,Florence Andrews
2018-01-17 19.34.22,@sexytush27
2018-01-17 19.35.56,@fahadrao8 
2018-01-17 19.38.07,Florence Oliver
2018-01-17 19.38.13,@13_davinia
2018-01-17 19.39.08,@ljhking1
2018-01-17 19.39.09,ines_laralara
2018-01-17 19.39.26,gpetrauskas
2018-01-17 19.40.02,@rhtndmsl
2018-01-17 19.40.06,@barben03
2018-01-17 19.40.35,misadvntrsofmom
2018-01-17 19.42.02,@Setwut_songsong
2018-01-17 19.42.16,@ThongyaiNarmsth
2018-01-17 19.42.40,PragaScalia
2018-01-17 19.44.28,@pigdee2
2018-01-17 19.45.27,@ThomasLouztoo
2018-01-17 19.45.41,@Brandon5147
2018-01-17 19.48.37,@1500142620Lai
2018-01-17 19.48.58,"Annie Gilmore, Rebecca Garrison, Regina Watson, "
2018-01-17 19.49.25,Anne Ford
2018-01-17 19.49.39,Figureme8
2018-01-17 19.50.48,Heemang80
2018-01-17 19.50.54,"Alyssa Adrian, Margaret Calhoun, Michele Page"
2018-01-17 19.51.13,Sheila Baldwin
2018-01-17 19.52.18,"Ruth Marshman, Alison Smith, Brittany Dunce"
2018-01-17 19.52.23,Susan Gardner @NikeMoore2
2018-01-17 19.52.55,Mildred Pearcy @doinmr_swift
2018-01-17 19.53.26,Loretta Bargeman @Sopinhas69
2018-01-17 19.53.29,"Jamie Adrian, Julia Mason, Norma Owen"
2018-01-17 19.55.10,CoachAMC
2018-01-17 19.56.14,https://twitter.com/umanasaavedrab3
2018-01-17 19.56.29,"Annie Gilmore, Rebecca Garrison, Beatrice Goodman"
2018-01-17 19.56.40,https://twitter.com/zakirullah8
2018-01-17 19.57.22,https://twitter.com/srabantimaity
2018-01-17 19.57.22,"Eleanor Nash, Kristin Bradberry, Amanda Laird"
2018-01-17 19.58.05,sseebbaasss
2018-01-17 19.58.28,"Fiona Brickman, Christine Macduff, Abby Shorter"
2018-01-17 19.59.12,"Beth Hodges, Tara Peacock, Kathleen Little"
2018-01-17 20.00.00,"Evelyn Fulton, Ellen Sheldon, Ashley Stephen"
2018-01-17 20.00.39,"Regina Forster, Kristen Fulton, Joyce Kelly"
2018-01-17 20.01.20,"Donna Atcheson, Emma Lamberts, Laurie Neal"
2018-01-17 20.02.12,"Karen Ayrton, Loretta Boolman, Delores Peterson"
2018-01-17 20.03.09,@benson4225721
2018-01-17 20.03.47,"Katherine Salomon, Deborah Lawman, "
2018-01-17 20.03.53,@meetu_kanyal
2018-01-17 20.04.19,@lovezutara
2018-01-17 20.04.37,"Vinícius Azervedo, Alice Mansfield, Peace Queen"
2018-01-17 20.05.48,"Willie Carey, Deborah Bradshaw, Pauline Holmes"
2018-01-17 20.06.30,pollywagtail
2018-01-17 20.06.32,"Loretta Hawkins, Emma Oldridge, Kristen Day"
2018-01-17 20.07.08,@wuwanxin_run
2018-01-17 20.07.36,"Lillian Walkman, Elizabeth Youmans, Pamela Ramacey"
2018-01-17 20.08.45,"Michelle Wainwright, Sarah Mansfield, Elizabeth Dickinson"
2018-01-17 20.09.28,"Evelyn Black, Joanne Wallace, Roberta Miller"
2018-01-17 20.10.13,"Kathleen Gilson, April Backer, Diana Arnold"
2018-01-17 20.11.07,"Sherry Gilbert, Carolyn Blomfield, Pamela Neal"
2018-01-17 20.11.51,"Ann Chapman, Carrie Blomfield, Jamie Ryder"
2018-01-17 20.11.58,@happy123555
2018-01-17 20.12.02,@mozinaca1970
2018-01-17 20.12.35,@provvisoria
2018-01-17 20.12.46,"Tanya Birch, Alexa Carroll, Evelyn Dutton"
2018-01-17 20.13.33,"Doris Lamberts, Haylay Goldman, Elizabeth Barnes"
2018-01-17 20.14.40,"Cathy Carroll, Jacqueline Dunce, Rachel Enderson"
2018-01-17 20.15.25,"Stephanie Samuels, Vicki Russel, Carolyn Macdonald"
2018-01-17 20.16.24,"Amber Dutton, BDSM dater, Rund och söt"
2018-01-17 20.17.15,"Ciara Dickerson, Nymnchen, MayOrtiz"
2018-01-17 20.17.36,@Marianaruth85
2018-01-17 20.20.39,"Oscar_0154, VictoriaSalvat1"
2018-01-17 20.20.45,"Charlotte Warren, Kelly Addington, Charlene Jerome"
2018-01-17 20.20.58,@SensoredMusick
2018-01-17 20.21.10,LDestroy1
2018-01-17 20.23.22,PurpleMudkip
2018-01-17 20.24.01,barben03
2018-01-17 20.24.13,@JetsInsiderrrrr ‏ 
2018-01-17 20.24.31,@feeane ‏ 
2018-01-17 20.24.58,@Binh423 ‏ 
2018-01-17 20.26.06,amy8888878
2018-01-17 20.26.43,missmarie1112
2018-01-17 20.27.08,CroBnus
2018-01-17 20.27.36,BenThacker6
2018-01-17 20.28.09,amigo851029
2018-01-17 20.28.51,spaisy94
2018-01-17 20.29.06,AsylumBedlam
2018-01-17 20.29.44,RayhanYama
2018-01-17 20.29.54,tuvidaentwiits 
2018-01-17 20.30.24,ChiragParikh7
2018-01-17 20.30.31,Vest23
2018-01-17 20.31.00,amigo851029
2018-01-17 20.31.39,Psy_Du_
2018-01-17 20.31.54,CalebsMenswear
2018-01-17 20.32.40,@NadinaBrigitte
2018-01-17 20.32.43,elel777
2018-01-17 20.33.17,@Pastylutza9
2018-01-17 20.33.18,smart_dj_abhi
2018-01-17 20.33.53,qwertyuiop0312
2018-01-17 20.33.56,@hooralallely
2018-01-17 20.34.39,zodriane
2018-01-17 20.34.42,NicoGrahn
2018-01-17 20.35.14,Fly_Boi_TP
2018-01-17 20.35.06,nicovallet
2018-01-17 20.35.13,"Dagens skörd.Jane Gilson@adriantmurdock,  Carrie  Shackley @QQCharnia , Wendy Walkman@HakanPasha61."
2018-01-17 20.35.52,ajaykmr34121
2018-01-17 20.35.54,frostandstacks ‏
2018-01-17 20.36.17,@c_chaiyakhot
2018-01-17 20.37.32,@filmesplastico
2018-01-17 20.40.01,"Donna Kingsman, Melanie Croftoon"
2018-01-17 20.41.20,rogue_ruda
2018-01-17 20.41.24,@drogarchova1972
2018-01-17 20.42.21,KPotts429
2018-01-17 20.42.27,1000124
2018-01-17 20.42.29,Juanita Mercer (@lu_comsape)
2018-01-17 20.43.08,wendel_vpf
2018-01-17 20.43.33,@KingDjensen
2018-01-17 20.43.45,@31romina
2018-01-17 20.43.45,@sarlgan
2018-01-17 20.43.56,atacatapata
2018-01-17 20.44.01,@kykykkykkky
2018-01-17 20.44.13,@GabrielTruti
2018-01-17 20.44.46,@H7Pcw3HvJP9VmHa ‏ 
2018-01-17 20.44.47,CMMelara
2018-01-17 20.45.18,@fabrizioangeli1
2018-01-17 20.46.07,Vicki White (@VicAsh70) 
2018-01-17 20.48.03,@cclzz (Melanie Osborne) 
2018-01-17 20.48.47,Gina Bootman (@BjornEld1)
2018-01-17 20.49.44,@PetruEfros
2018-01-17 20.49.49,Queeny_Amy
2018-01-17 20.50.10,@Davidvd160771
2018-01-17 20.50.30,@Labandida974
2018-01-17 20.50.43,@frantam
2018-01-17 20.50.47,Lucille Hodges (@maatthewdoherty)
2018-01-17 20.50.58,@brianchester99
2018-01-17 20.51.20,@sachin67141459
2018-01-17 20.51.57,@steppingitup001
2018-01-17 20.52.07,@Jaifam
2018-01-17 20.52.29,@ipermiky
2018-01-17 20.52.52,@Lindaaleaa93
2018-01-17 20.52.55,Eva Audley (@Jayyybabiix3)
2018-01-17 20.53.22,@PyaeSon46785061
2018-01-17 20.54.07,@rahulboyal
2018-01-17 20.57.40,Florence Gilbert (@hibees1972)
2018-01-17 20.58.07,medina_jim
2018-01-17 21.01.50,@jimarmao
2018-01-17 20.59.56,Louise Sheldon (@LatashaIrvin)
2018-01-17 21.04.16,Jean Hawkins (@ngo_ducthong999)
2018-01-17 21.02.35,EiousOlsson ‏
2018-01-17 21.05.27,‪@Alex21840327
2018-01-17 21.05.46,‪@onisimmuhin‬
2018-01-17 21.07.54,@lhays21
2018-01-17 21.07.23,@singh_bibhay
2018-01-17 21.08.42,Mary Thomson (@mazilu904)
2018-01-17 21.08.00,@Labandida974
2018-01-17 21.09.12,@athina_nanana
2018-01-17 21.10.13,@peaceful_boy20
2018-01-17 21.10.17,Hannah Mansfield
2018-01-17 21.10.39,Melanie Foster
2018-01-17 21.11.03,Clara Larkins (@VishalTiu)
2018-01-17 21.10.47,@mkbeginnings
2018-01-17 21.11.11,@cool_imran009
2018-01-17 21.11.32,@Mz2Reddbone_jas
2018-01-17 21.11.37,@golfenna
2018-01-17 21.11.56,@benkaraffa1
2018-01-17 21.11.53,SimoneDeMattei1
2018-01-17 21.12.00,@d05688
2018-01-17 21.12.12,MgTranslate
2018-01-17 21.12.28,Aravind0909
2018-01-17 21.12.50,@pkoutsouklakis
2018-01-17 21.13.01,@neil75524
2018-01-17 21.13.15,Lynn Salomon (@_xjosixkarinx_)
2018-01-17 21.14.06,Boudalari
2018-01-17 21.14.27,@Papastamaths
2018-01-17 21.15.01,@FelipeRuano7523
2018-01-17 21.15.20,@RodolfoCardillo
2018-01-17 21.15.41,@aggel100
2018-01-17 21.15.56,@GetridI
2018-01-17 21.16.13,@Griziojedah
2018-01-17 21.16.15,loopultira1976
2018-01-17 21.16.35,@KarolkaGec
2018-01-17 21.16.36,@nativespear
2018-01-17 21.16.41,sjkey20
2018-01-17 21.16.48,Cindy Dean (@yates_kaysha)
2018-01-17 21.16.50,@smile_ninevan
2018-01-17 21.17.07,construairtech
2018-01-17 21.17.08,@ragvan16
2018-01-17 21.17.22,@5jensme
2018-01-17 21.17.20,sofoua2
2018-01-17 21.17.32,sudhagarhasan
2018-01-17 21.17.33,HtetWai19926735
2018-01-17 21.17.36,@Philip8812
2018-01-17 21.17.47,wifihotspotmake
2018-01-17 21.17.49,@WangRio
2018-01-17 21.17.55,love00004